dataset,configuration,ground_truth,wavelength,image_path,PSNR,SSIM,MSSSIM,IWSSIM,VIF,FSIM,GMSD,MSGMSD,HAARPSI,UQI,S3IM,TV,BRISQUE,CLIP-IQA,PSNR_norm,GMSD_norm,MSGMSD_norm,BRISQUE_norm
varied_split,scene_2201,image_113_full.webp,---,data/VARIED SPLIT V3 CURRENT/scene_2201/image_113_128.webp,31.418701518005008,0.7158732908972729,0.8461389452622241,0.8001142567880648,0.21738841663781297,0.7519168221493785,0.14569728405327168,0.130131276020983,0.5434232422142821,0.996259048911349,0.6600697643238095,15.850435127566042,37.14401151926779,0.40205553,0.3927337689750626,0.4162779544379191,0.3718036457742372,0.29744218060159777
varied_split,scene_2201,image_113_full.webp,---,data/VARIED SPLIT V3 CURRENT/scene_2201/image_113_16.webp,17.46502873892748,0.23753511011637138,0.40312881353951474,0.2708268859960176,0.04995299313416524,0.6912138338812567,0.2650938983430872,0.25381722566926407,0.1892527622171108,0.9030344577582641,0.21241618634555431,40.56179474108886,41.11253334079686,0.45812353,0.2183128592365935,0.7574111381231063,0.7251920733407545,0.9999999982296738
varied_split,scene_2201,image_113_full.webp,---,data/VARIED SPLIT V3 CURRENT/scene_2201/image_113_256.webp,35.66018988386736,0.8730320144998426,0.9390833752812178,0.9255257511168565,0.38606454537977347,0.8546509006551686,0.08060548644062324,0.07254935085621435,0.757791298962356,0.9986377879423476,0.8270055190353163,12.115149180965428,36.28176615980885,0.47984454,0.445752373548342,0.23030138983035212,0.20728385958918386,0.14479662509146005
varied_split,scene_2201,image_113_full.webp,---,data/VARIED SPLIT V3 CURRENT/scene_2201/image_113_32.webp,22.330520709182938,0.3350821876909462,0.5226657061832958,0.4021922347977712,0.07301009460556396,0.6865909269640635,0.25180466595705264,0.23559872976397866,0.239958222677979,0.9675066455582982,0.29739784598593394,32.661056647014654,36.64831083525189,0.39228615,0.2791315088647867,0.7194419027344362,0.6731392278970819,0.20968698952020604
varied_split,scene_2201,image_113_full.webp,---,data/VARIED SPLIT V3 CURRENT/scene_2201/image_113_64.webp,27.624858579752008,0.5389623893227394,0.7162434476674225,0.624536978312004,0.12579155974522668,0.7065849684101407,0.2033519827252298,0.18437296668895903,0.3794502064821637,0.9910068873437408,0.48752359764584324,21.81062493937437,35.46385686901306,0.35842213,0.3453107322469001,0.581005664929228,0.5267799048255972,0.0
varied_split,scene_2203,image_209_full.webp,---,data/VARIED SPLIT V3 CURRENT/scene_2203/image_209_128.webp,27.740000636364762,0.6225341486969043,0.783802735671736,0.7509178256332505,0.18133563235529013,0.7607276323427246,0.17722713226831802,0.15996154467054566,0.48281480821744743,0.9928232854444623,0.5635100120442967,22.07285235818994,36.004739439894934,0.46688193,0.3467500079545595,0.5063632350523373,0.45703298477298765,0.5489063503794295
varied_split,scene_2203,image_209_full.webp,---,data/VARIED SPLIT V3 CURRENT/scene_2203/image_209_16.webp,20.55543467309199,0.2916634571797267,0.4489459056388824,0.32960980236547344,0.036964861131443545,0.6793505038705606,0.24796676992783767,0.2368586526217173,0.28260848863049354,0.9621653254396337,0.2701242167493536,33.92625038529443,36.93660937111201,0.49252972,0.2569429334136499,0.7084764855081077,0.6767390074906209,0.9024054968968439
varied_split,scene_2203,image_209_full.webp,---,data/VARIED SPLIT V3 CURRENT/scene_2203/image_209_256.webp,29.888153152844332,0.8326311745221013,0.9175866718148894,0.9084245639482913,0.3605317309182071,0.8730461304359769,0.10165828536597425,0.09103333846108752,0.7107922037789597,0.9942565188584865,0.7766546789023154,16.811672315045005,34.557750591373065,0.47338617,0.3736019144105541,0.29045224390278357,0.26009525274596434,0.0
varied_split,scene_2203,image_209_full.webp,---,data/VARIED SPLIT V3 CURRENT/scene_2203/image_209_32.webp,21.089474805381386,0.323337683853027,0.49904048844133053,0.4131557580100159,0.057304478737832135,0.6821117624943221,0.2495364335774904,0.2369983040511142,0.28353101025892274,0.9670517730991212,0.29151600708117203,34.62453277513205,37.19388122100156,0.35978076,0.26361843506726734,0.7129612387928297,0.6771380115746121,0.9999999962065613
varied_split,scene_2203,image_209_full.webp,---,data/VARIED SPLIT V3 CURRENT/scene_2203/image_209_64.webp,24.933376694855767,0.43745873153958137,0.6258643269962395,0.5658805146146284,0.09946456612620029,0.7057799848892515,0.22943879523058794,0.21293136881345476,0.3466975174558052,0.9878771528407363,0.3926394314088672,29.21641504552303,35.43556022804535,0.404711,0.3116672086856971,0.655539414944537,0.6083753394670136,0.3329917051440173
varied_split,scene_2205,image_090_full.webp,---,data/VARIED SPLIT V3 CURRENT/scene_2205/image_090_128.webp,29.57897027208482,0.693227647360307,0.8322153650039281,0.7865826138089692,0.21680980358967747,0.7241338039965961,0.16313289052253363,0.14372629519824523,0.5354435508761177,0.9941828368279457,0.6396923511955834,15.748265742444655,32.335076171394235,0.5439454,0.36973712840106027,0.4660939729215247,0.4106465577092721,0.46373569757756566
varied_split,scene_2205,image_090_full.webp,---,data/VARIED SPLIT V3 CURRENT/scene_2205/image_090_16.webp,15.253191960192442,0.3207747152295368,0.5152114191956108,0.35912923961505877,0.056403159516769934,0.6826249081840751,0.2559634963693202,0.23849129530892701,0.2531830248452814,0.8609928303304941,0.2926817738255878,31.39236310571434,33.97938281100653,0.5452339,0.19066489950240553,0.7313242753409149,0.6814037008826487,0.99999999673866
varied_split,scene_2205,image_090_full.webp,---,data/VARIED SPLIT V3 CURRENT/scene_2205/image_090_256.webp,36.055861384484665,0.8788081860772932,0.9423971234684254,0.9301097332331293,0.3854924879783141,0.8118648015775052,0.07867993760319361,0.07061606850505103,0.777716965282638,0.9989352272162186,0.8322045032694823,11.343589904029654,30.9131584943367,0.45673463,0.45069826730605833,0.22479982172341034,0.20176019572871726,0.0
varied_split,scene_2205,image_090_full.webp,---,data/VARIED SPLIT V3 CURRENT/scene_2205/image_090_32.webp,19.345889098018553,0.344558524154467,0.5431120812063165,0.42106721047705253,0.08018745647475763,0.6879570021029942,0.2559442458713275,0.2370250085746397,0.24605309065151837,0.9390057142785412,0.3107090041484105,31.01282516758265,33.16202825475068,0.4676962,0.24182361372523192,0.7312692739180787,0.6772143102132564,0.7334328871026983
varied_split,scene_2205,image_090_full.webp,---,data/VARIED SPLIT V3 CURRENT/scene_2205/image_090_64.webp,26.060130391943833,0.5109314478282084,0.6957175522408344,0.6005554197605562,0.1240034589053969,0.698520932273275,0.2199971257679633,0.19783084280406604,0.3546325407218414,0.9874441792203826,0.4633977070049414,21.946065095232168,31.31059797275759,0.478199,0.3257516298992979,0.6285632164798952,0.5652309794401887,0.1296185262650186
varied_split,scene_2207,image_154_full.webp,---,data/VARIED SPLIT V3 CURRENT/scene_2207/image_154_128.webp,30.510019474898613,0.8286641478188752,0.9140748233098563,0.8766706694527215,0.30998143131909184,0.6646369380768381,0.10266159825999419,0.09021971573037016,0.6681738586500826,0.991223794077355,0.7974382402638355,10.011780834529992,34.74746486863171,0.44481066,0.38137524343623264,0.29331885217141196,0.25777061637248616,0.6083112906447282
varied_split,scene_2207,image_154_full.webp,---,data/VARIED SPLIT V3 CURRENT/scene_2207/image_154_16.webp,20.60989100528399,0.43096332617071065,0.5952908266899845,0.4011144587018935,0.09886324504213312,0.6121344789532294,0.24430416795625035,0.22640708780437807,0.25116763273381504,0.9300429365873871,0.4129124883621839,24.665043432983087,34.91351022736637,0.60940343,0.2576236375660499,0.6980119084464296,0.6468773937267945,0.6387199055991254
varied_split,scene_2207,image_154_full.webp,---,data/VARIED SPLIT V3 CURRENT/scene_2207/image_154_256.webp,40.050408790802734,0.939399471957798,0.9713842897237392,0.9604847770935259,0.4861531709075505,0.7831270560133897,0.04241162944798598,0.03786028440429471,0.8678918637191788,0.9993010056752776,0.9223591580190619,7.235564052565984,31.425798734579644,0.34728697,0.5006301098850342,0.1211760841371028,0.10817224115512775,0.0
varied_split,scene_2207,image_154_full.webp,---,data/VARIED SPLIT V3 CURRENT/scene_2207/image_154_32.webp,20.544463855472674,0.519844636585299,0.6943281887715569,0.5421208015865768,0.1386092423831883,0.6142250557655676,0.2191782625261255,0.19887227342569927,0.3235455980775287,0.925765983721482,0.49617750065325894,19.518693806708246,35.20178113957047,0.5864507,0.25680579819340843,0.6262236072175015,0.568206495501998,0.6915122223405704
varied_split,scene_2207,image_154_full.webp,---,data/VARIED SPLIT V3 CURRENT/scene_2207/image_154_64.webp,27.63012461844834,0.6715683751385565,0.8128632155446298,0.7165265493927976,0.20395801314846684,0.6277364696624295,0.17162164044057454,0.15246296520710256,0.44956460841724627,0.9843388258639011,0.639169402010566,14.276900252333178,36.88626967939547,0.45520025,0.3453765577306042,0.4903475441159273,0.43560847202029307,0.9999999981686561
varied_split,scene_2209,image_064_full.webp,---,data/VARIED SPLIT V3 CURRENT/scene_2209/image_064_128.webp,27.935378737108163,0.6222340827611113,0.7814117205037955,0.742463373131324,0.19816851299986155,0.7574080872307084,0.18508078661805685,0.16709420568099323,0.466142154010767,0.9894280904059776,0.5686847259047134,21.03448697841745,35.808164800978034,0.39497828,0.34919223421385204,0.5288022474801625,0.4774120162314093,0.0
varied_split,scene_2209,image_064_full.webp,---,data/VARIED SPLIT V3 CURRENT/scene_2209/image_064_16.webp,13.044983382342467,0.2320912182015166,0.39705514693954963,0.2912187360038947,0.04062814921071734,0.6707073262934595,0.2607323453198655,0.2526032030016694,0.23298546336293824,0.7507236388819937,0.21868204678031278,36.317707823819454,37.096140529526224,0.3948035,0.16306229227928085,0.7449495580567587,0.7217234371476269,0.9999999922358787
varied_split,scene_2209,image_064_full.webp,---,data/VARIED SPLIT V3 CURRENT/scene_2209/image_064_256.webp,9.643878516948288,0.5353102514492237,0.7465502645673248,0.5952777905668452,0.04143678935491887,0.7528704502395605,0.14308518213513288,0.14492645123658973,0.47736671172254974,0.5994833794156549,0.5248952285506725,7.932882621219433,36.69600083688567,0.38730282,0.1205484814618536,0.4088148061003797,0.41407557496168496,0.6893266769981327
varied_split,scene_2209,image_064_full.webp,---,data/VARIED SPLIT V3 CURRENT/scene_2209/image_064_32.webp,16.501106281870303,0.27733256611569773,0.45576942452966923,0.37420485670013204,0.061665834978482055,0.6720334543857518,0.25966274887356233,0.2503998722987355,0.23842214547939816,0.8616589005546729,0.25423047890393563,36.495222757526655,36.9022397003215,0.34645125,0.2062638285233788,0.7418935682101782,0.7154282065678158,0.8494530344000987
varied_split,scene_2209,image_064_full.webp,---,data/VARIED SPLIT V3 CURRENT/scene_2209/image_064_64.webp,21.633789408649832,0.41062764590845796,0.600114554752726,0.5343014657385734,0.10809652964726199,0.7003051764222866,0.2402711526450643,0.22619903595383037,0.30683522334216023,0.9516806993130552,0.37244689315601553,29.807382667970064,36.630457149160634,0.32159087,0.2704223676081229,0.6864890075573266,0.6462829598680868,0.6384377621192542
varied_split,scene_2211,image_091_full.webp,---,data/VARIED SPLIT V3 CURRENT/scene_2211/image_091_128.webp,26.121934204185564,0.6109469773999633,0.7811909408756155,0.7441582502120344,0.18327843300718816,0.731527410962837,0.1892806463659139,0.16871558983189172,0.4720397618202497,0.9842774349926994,0.553350570917344,21.4152586390156,29.225546158018574,0.45476487,0.32652417755231955,0.5408018467597541,0.48204454237683353,0.4215191746692797
varied_split,scene_2211,image_091_full.webp,---,data/VARIED SPLIT V3 CURRENT/scene_2211/image_091_16.webp,16.39979133557138,0.27095538687356735,0.4557997252476115,0.32337041647428527,0.043251851292944885,0.6916221916905888,0.2644587740483565,0.24773228763926441,0.24817085626365637,0.876504658168954,0.2483663842751201,38.66189784855143,36.7352570085028,0.4763565,0.20499739169464223,0.7555964972810186,0.7078065361121841,0.9999999992296895
varied_split,scene_2211,image_091_full.webp,---,data/VARIED SPLIT V3 CURRENT/scene_2211/image_091_256.webp,33.47024476361518,0.8278223836397236,0.917711587538818,0.9105250361139846,0.34473516875875754,0.8270248061931412,0.10656987972924462,0.0958023022100565,0.7145032409884319,0.9977195098937223,0.7678287480584279,15.721161205525965,23.753476928919213,0.51194817,0.4183780595451897,0.30448537065498466,0.27372086345730434,0.0
varied_split,scene_2211,image_091_full.webp,---,data/VARIED SPLIT V3 CURRENT/scene_2211/image_091_32.webp,22.59831520440628,0.35657989138315616,0.5503737845687713,0.43787916481691447,0.06066749499337723,0.6883682666229546,0.25011427228477584,0.23145732571774494,0.2803182427565214,0.969391409948739,0.322114118524021,32.72383176991194,34.00280937309401,0.40363,0.2824789400550785,0.714612206527931,0.6613066449078427,0.7895167206228312
varied_split,scene_2211,image_091_full.webp,---,data/VARIED SPLIT V3 CURRENT/scene_2211/image_091_64.webp,25.358907399395683,0.46425320009378573,0.6570977965819402,0.5803497013344066,0.10048188227001938,0.7003632649740427,0.22678744139486054,0.20687536795013578,0.34543050662423386,0.9841907183228253,0.41731783744731776,26.92001195105286,31.42506214702064,0.43113038,0.31698634249244606,0.6479641182710302,0.5910724798575309,0.5909501751810607
varied_split,scene_2213,image_192_full.webp,---,data/VARIED SPLIT V3 CURRENT/scene_2213/image_192_128.webp,28.740756292278874,0.6078607929912259,0.7743562878057023,0.7271641956592738,0.19144531862286301,0.7408691577374115,0.1939243924930159,0.1746961638364998,0.4576026154637478,0.9938927681096135,0.5536080821678877,21.69153182383123,32.42733602094779,0.42593005,0.35925945365348594,0.5540696928371883,0.4991318966757137,0.33169688447987244
varied_split,scene_2213,image_192_full.webp,---,data/VARIED SPLIT V3 CURRENT/scene_2213/image_192_16.webp,16.159146463488334,0.25998396000742097,0.42665781442366657,0.29818126200501244,0.04327385853860414,0.6771271488814791,0.2666358911341202,0.25617442551189284,0.21834990885481897,0.88147796501637,0.2387248597437329,39.8590864711871,41.263817523420244,0.5737192,0.20198933079360418,0.761816831811772,0.7319269300339796,0.9999999992436999
varied_split,scene_2213,image_192_full.webp,---,data/VARIED SPLIT V3 CURRENT/scene_2213/image_192_256.webp,33.51553435275438,0.8379271289632946,0.922289178756525,0.9135886114702158,0.3961095384795172,0.8507655080596295,0.1069848874165967,0.0965199836409759,0.7433131174307832,0.9978599524947628,0.7805128567067371,15.354094064343771,28.0415516075833,0.38056153,0.41894417940942974,0.305671106904562,0.27577138183135974,0.0
varied_split,scene_2213,image_192_full.webp,---,data/VARIED SPLIT V3 CURRENT/scene_2213/image_192_32.webp,19.85434441484957,0.36547912895939405,0.5474138670157372,0.4219657435817079,0.05942730515631551,0.6775073424942133,0.24744482536550344,0.23211824084433516,0.28512416622124087,0.9426800130813553,0.3354629333918449,30.947576812617438,34.5539796651434,0.5219307,0.24817930518561965,0.7069852153300099,0.6631949738409576,0.4925349477985088
varied_split,scene_2213,image_192_full.webp,---,data/VARIED SPLIT V3 CURRENT/scene_2213/image_192_64.webp,23.312177103013106,0.47483248219697105,0.6573979625904305,0.5617063209858719,0.09772617279375775,0.6942486975150841,0.22369215886145624,0.2066616871195196,0.34943071112213225,0.973347133179114,0.4343615143584268,25.52136706477644,33.34131515071897,0.46797633,0.29140221378766384,0.639120453889875,0.5904619631986274,0.40082112800194675
varied_split,scene_2216,image_100_full.webp,---,data/VARIED SPLIT V3 CURRENT/scene_2216/image_100_128.webp,26.76372993604819,0.6456962561410184,0.8023962031907512,0.7611649553863371,0.16516662270496024,0.7697898879653634,0.16707711427108135,0.14957422990063263,0.5443864289841843,0.9929376987058076,0.5732914513072567,21.9253344830885,34.660274874093034,0.6057403,0.3345466242006024,0.477363183631661,0.4273549425732361,0.29673435353152333
varied_split,scene_2216,image_100_full.webp,---,data/VARIED SPLIT V3 CURRENT/scene_2216/image_100_16.webp,21.884464294117812,0.2699843858345282,0.4411446458788846,0.3076522495245361,0.03777540475925568,0.708014876693785,0.26370529697312284,0.24832281745261184,0.24589971039891964,0.9833967762689841,0.22223516555213965,46.70883561891741,57.66561898058046,0.6073717,0.27355580367647264,0.7534437056374939,0.7094937641503196,0.9999999996943033
varied_split,scene_2216,image_100_full.webp,---,data/VARIED SPLIT V3 CURRENT/scene_2216/image_100_256.webp,33.2142972430559,0.829729117996245,0.9168603791996159,0.9030286800005956,0.3174877139024918,0.8633008132757313,0.09874436820572904,0.08871734423829908,0.7440740217790427,0.9986949951968488,0.763150022324742,16.675220411693115,24.953450790681586,0.55856216,0.4151787155381988,0.282126766302083,0.2534781263951402,0.0
varied_split,scene_2216,image_100_full.webp,---,data/VARIED SPLIT V3 CURRENT/scene_2216/image_100_32.webp,23.088170299919803,0.3332923835502135,0.5216629476490885,0.4064979371263557,0.056096968472980374,0.7123257202579595,0.251104437811747,0.23368621360859274,0.2844378600789412,0.9869903678034244,0.2824615203311804,38.86111173631739,42.918555379531995,0.5702145,0.28860212874899754,0.7174412508907058,0.6676748960245508,0.5491872161780442
varied_split,scene_2216,image_100_full.webp,---,data/VARIED SPLIT V3 CURRENT/scene_2216/image_100_64.webp,20.558789470392345,0.467707756150763,0.6623111368654537,0.5781955757649552,0.09368522904911103,0.7312041355045648,0.2182808444394592,0.19889245916204504,0.39403013077330623,0.9693754864790831,0.40509232610292994,29.38374560806104,37.48460057592513,0.5914663,0.2569848683799043,0.623659555541312,0.5682641690344145,0.3830730420761984
varied_split,scene_2217,image_211_full.webp,---,data/VARIED SPLIT V3 CURRENT/scene_2217/image_211_128.webp,36.90011779999706,0.87303661480975,0.9361889592954028,0.9035166062761757,0.35860320960586256,0.6660423075281147,0.08453710178957873,0.07394109917176561,0.6794519698445547,0.9985344271410449,0.8467433518438674,8.431163700103737,38.765356932980126,0.21162198,0.4612514724999633,0.24153457654165353,0.21126028334790176,0.49478329226202616
varied_split,scene_2217,image_211_full.webp,---,data/VARIED SPLIT V3 CURRENT/scene_2217/image_211_16.webp,25.253319351008262,0.4746436462666501,0.6445734334889084,0.449632430413659,0.11577004923342278,0.6137096008973528,0.23404914496621532,0.21346364523868752,0.25687615672428216,0.9759580602160485,0.45017147783216693,21.46223993845241,37.110073012548696,0.46218884,0.31566649188760326,0.6687118427606152,0.609896129253393,0.20764811377725015
varied_split,scene_2217,image_211_full.webp,---,data/VARIED SPLIT V3 CURRENT/scene_2217/image_211_256.webp,39.51358767275187,0.9522443275732656,0.9775455813841236,0.9680176784761099,0.5344367777051084,0.767760128413166,0.034236077387987084,0.03053116115311917,0.8782646501020765,0.9989276610668777,0.938907860137271,6.140509066481392,35.91301807258208,0.27269533,0.49391984590939836,0.09781736396567739,0.08723188900891192,0.0
varied_split,scene_2217,image_211_full.webp,---,data/VARIED SPLIT V3 CURRENT/scene_2217/image_211_32.webp,29.58391628322277,0.6276041322668686,0.7718738123298665,0.6256563368852593,0.1617371138512541,0.6198313906378599,0.1917324464088304,0.17094338396679007,0.36586841909301143,0.9906575063397282,0.5976019422148703,15.472078757194188,38.394110085812486,0.37275714,0.36979895354028464,0.5478069897395155,0.4884096684765431,0.43038465441649737
varied_split,scene_2217,image_211_full.webp,---,data/VARIED SPLIT V3 CURRENT/scene_2217/image_211_64.webp,28.72198972355124,0.7406597634342122,0.85689478633037,0.7709221542208086,0.2386251095006071,0.6301821721819122,0.14727340733096228,0.1292304549124521,0.4914193917876008,0.9837188635836641,0.7085237648491508,11.874806378558699,41.67784259284838,0.25506234,0.3590248715443905,0.4207811638027494,0.36922987117843464,0.9999999982653418
varied_split,scene_2219,image_170_full.webp,---,data/VARIED SPLIT V3 CURRENT/scene_2219/image_170_128.webp,34.89858620790655,0.8290444855979777,0.9125643752878706,0.8772931071387059,0.3376782664390042,0.7028848849399734,0.10849891812488258,0.09533020939742379,0.6567504226167403,0.9994528096399633,0.7876336384460628,10.689747232100373,39.01478771657878,0.456141,0.43623232759883185,0.30999690892823595,0.2723720268497823,0.9999999983719892
varied_split,scene_2219,image_170_full.webp,---,data/VARIED SPLIT V3 CURRENT/scene_2219/image_170_16.webp,24.83000553269291,0.3818369082657358,0.5521061852552581,0.3921251885800711,0.09524082409007165,0.6135724584416667,0.2531460679882246,0.23936034985652907,0.23516421949153168,0.9942156382805155,0.3511677987222819,27.735378329358774,36.074819558076,0.5195958,0.31037506915866137,0.723274479966356,0.6838867138757974,0.521369999757508
varied_split,scene_2219,image_170_full.webp,---,data/VARIED SPLIT V3 CURRENT/scene_2219/image_170_256.webp,33.57527622371436,0.9377951506543872,0.9702993034696784,0.9595711656316438,0.4839585528191133,0.8193524784724032,0.04272194426614439,0.038342497964237575,0.867546105198804,0.9987758078468686,0.9158937705878316,7.736394215865899,32.87232242558787,0.48535696,0.41969095279642954,0.12206269790326969,0.10954999418353593,0.0
varied_split,scene_2219,image_170_full.webp,---,data/VARIED SPLIT V3 CURRENT/scene_2219/image_170_32.webp,24.02203991085916,0.515022640176198,0.6836905244765203,0.5468761765476168,0.13698630039488544,0.6289052956263749,0.22244511266539904,0.20475474433197113,0.32078089597215786,0.9892700607323467,0.4747061260751672,20.322191437471073,35.49128467594403,0.520825,0.3002754988857395,0.635557464758283,0.5850135552342033,0.42636988929081404
varied_split,scene_2219,image_170_full.webp,---,data/VARIED SPLIT V3 CURRENT/scene_2219/image_170_64.webp,29.984432170392626,0.6591719754860339,0.8024119658224186,0.7146357293930506,0.2159852600446078,0.6531622822502318,0.18048748115591126,0.1613073017403444,0.44113306799112495,0.9980620452814122,0.6121358663480885,15.450498151128704,37.78110533784877,0.4958774,0.3748054021299078,0.515678517588318,0.46087800497241266,0.7991551716977564
varied_split,scene_2304,image_212_full.webp,---,data/VARIED SPLIT V3 CURRENT/scene_2304/image_212_128.webp,27.761838222266636,0.7439087044923461,0.8597322842500814,0.7916477753620597,0.1092771607255764,0.9619494271195091,0.10800294588128061,0.10403737260475772,0.6133211810055464,0.9909081528959154,0.5368091187894609,43.332631526567845,57.02146995699479,0.7589523,0.34702297777833296,0.3085798453750875,0.2972496360135935,0.0
varied_split,scene_2304,image_212_full.webp,---,data/VARIED SPLIT V3 CURRENT/scene_2304/image_212_16.webp,19.3096349891831,0.40005947387893787,0.5402454948701582,0.284878176768816,0.027701476437153632,0.8071277780684909,0.22090326950749714,0.22009876497437714,0.27203205169796213,0.9337997154938934,0.20490552371111787,76.2000674079225,64.33035201587074,0.8585169,0.24137043736478875,0.631152198592849,0.6288536142125062,0.7189430267656495
varied_split,scene_2304,image_212_full.webp,---,data/VARIED SPLIT V3 CURRENT/scene_2304/image_212_32.webp,21.245194859312516,0.44791253619171156,0.5860871232162089,0.33976546796564255,0.037770284567635246,0.8566389548181084,0.20784685604422856,0.20794020378139955,0.3004715151481241,0.9578626312437916,0.24904827439909022,71.01703517389632,61.12952814672792,0.89512706,0.26556493574140644,0.5938481601263673,0.5941148679468559,0.40409186593310126
varied_split,scene_2304,image_212_full.webp,---,data/VARIED SPLIT V3 CURRENT/scene_2304/image_212_64.webp,24.82074005246688,0.5542860160548576,0.7070380223206414,0.5321337726590977,0.06323740029071652,0.916025399488134,0.17765531477429608,0.17502460327445263,0.3826107029590228,0.9833137285070572,0.3441769564492541,60.9177020930436,59.461466227704136,0.8903764,0.31025925065583604,0.507586613640846,0.5000702950698647,0.24001184996963235
varied_split,scene_2304,image_212_full.webp,---,data/VARIED SPLIT V3 CURRENT/scene_2304/image_212_8.webp,17.808912018245525,0.37510161731099023,0.5106348890708299,0.24879878072927414,0.02157367805425168,0.7658203900193665,0.23958601509269983,0.24051067624178782,0.2452856548514495,0.9086751713363522,0.17336873488906362,81.62855669888322,67.18761912262119,0.6745008,0.22261140022806908,0.6845314716934281,0.6871733606908224,0.9999999990163433
varied_split,scene_2308,image_373_full.webp,---,data/VARIED SPLIT V3 CURRENT/scene_2308/image_373_128.webp,30.67177321493689,0.8010027057329845,0.8990458754990327,0.8608395624130306,0.12984166886642998,0.9361939660425433,0.09187406744123973,0.09082958304720264,0.6990461510885108,0.9959947800080908,0.629853524068146,23.931360901588445,40.81942732598657,0.8877841,0.38339716518671113,0.26249733554639926,0.25951309442057896,0.0
varied_split,scene_2308,image_373_full.webp,---,data/VARIED SPLIT V3 CURRENT/scene_2308/image_373_16.webp,17.545785554835525,0.49803645284875425,0.6570305332249323,0.39128960801239365,0.04928278623658488,0.8199759093240833,0.21429780244238208,0.20729171266167418,0.2931831900086555,0.9146295780372675,0.307507953624447,46.193084060216556,56.868522999533184,0.8944989,0.21932231943544406,0.6122794355496631,0.592262036176212,0.723613991801706
varied_split,scene_2308,image_373_full.webp,---,data/VARIED SPLIT V3 CURRENT/scene_2308/image_373_32.webp,22.77235292868784,0.5774613154795455,0.723840801084536,0.4898557921394563,0.06521850380159426,0.8634719488566673,0.1840175706130364,0.1773700652431583,0.358793971990988,0.9723546626561795,0.382739290546456,38.826829132897096,50.722646555783854,0.9509164,0.284654411608598,0.5257644874658183,0.5067716149804523,0.4465116380590076
varied_split,scene_2308,image_373_full.webp,---,data/VARIED SPLIT V3 CURRENT/scene_2308/image_373_64.webp,25.9823672032081,0.6574760096001254,0.8048236310269642,0.6872538884582575,0.09271535770169513,0.9100355850977121,0.1531656360927097,0.14577575164443843,0.4716678998209332,0.9871918464094596,0.4616866968397122,33.315187679252325,48.102660431015124,0.9326448,0.32477959004010126,0.43761610312202776,0.4165021475555384,0.32838294989037226
varied_split,scene_2308,image_373_full.webp,---,data/VARIED SPLIT V3 CURRENT/scene_2308/image_373_8.webp,15.27398969339879,0.5300990603376026,0.6668624283352731,0.37453393578436345,0.03713172450032603,0.7552916999323923,0.2317945805487645,0.22616716927661987,0.28516466469068497,0.8682947272432109,0.330303657683138,44.985654170220144,62.998511545116,0.7423679,0.19092487116748486,0.6622702301393272,0.6461919122189139,0.9999999995491248
varied_split,scene_2312,image_287_full.webp,---,data/VARIED SPLIT V3 CURRENT/scene_2312/image_287_128.webp,32.7719538584562,0.866809487416728,0.9318605544659279,0.8976478362047533,0.14387678381919616,0.9166745976231159,0.06438366789336684,0.06735120097394753,0.7725709739468604,0.9979470723890473,0.7057855332711427,20.762797223838763,34.99181514590566,0.8339991,0.4096494232307025,0.18395333683819098,0.19243200278270725,0.0
varied_split,scene_2312,image_287_full.webp,---,data/VARIED SPLIT V3 CURRENT/scene_2312/image_287_16.webp,22.902556234912353,0.6072413268101733,0.7296797897032754,0.4407588378806678,0.06057741493068057,0.8321133067706683,0.19101956819472962,0.1848097171154875,0.3415448652372205,0.9774713466703949,0.3937209632714522,41.76438258182885,54.14115977435506,0.8168392,0.2862819529364044,0.5457701948420847,0.5280277631871072,0.7451627669234135
varied_split,scene_2312,image_287_full.webp,---,data/VARIED SPLIT V3 CURRENT/scene_2312/image_287_32.webp,24.395159709645384,0.6575796454349379,0.7781408285829678,0.537552629072046,0.08183277067268756,0.8675547982922348,0.16476002536777953,0.15880764924143864,0.40006222619696935,0.9793259646900918,0.44783554592744984,36.25362069444048,47.11377068521654,0.91024446,0.3049394963705673,0.47074292962222725,0.4537361406898247,0.4717043901740525
varied_split,scene_2312,image_287_full.webp,---,data/VARIED SPLIT V3 CURRENT/scene_2312/image_287_64.webp,28.917357477342417,0.7527400947697241,0.8587472418986897,0.7456331954819492,0.10930345890457649,0.9005419240899025,0.12282206316728399,0.11940502298405395,0.5431522636645919,0.9944797832448351,0.5496252610777335,29.275290167290997,44.85624224375681,0.86121494,0.3614669684667802,0.35092018047795426,0.34115720852586845,0.38385667671511686
varied_split,scene_2312,image_287_full.webp,---,data/VARIED SPLIT V3 CURRENT/scene_2312/image_287_8.webp,17.547170893148657,0.5876465206432349,0.705693202433489,0.3897520035623408,0.045159196614846076,0.7597029495167821,0.2233143309610246,0.2161412344509169,0.3014133299696862,0.925312350081386,0.3696057486047366,45.66369449575804,60.690018908904335,0.7970484,0.2193396361643582,0.6380409456029275,0.6175463841454769,0.9999999996108677
varied_split,scene_2316,image_222_full.webp,---,data/VARIED SPLIT V3 CURRENT/scene_2316/image_222_128.webp,31.454481485274933,0.8069319449458925,0.90177234645874,0.861795799508071,0.10082413510715164,0.9074171297711715,0.08279791932806196,0.08397921412867144,0.6884859524634448,0.9959029260025799,0.6295383274978117,24.940347131358852,38.392635275814996,0.8593973,0.3931810185659367,0.23656548379446277,0.23994061179620416,0.0
varied_split,scene_2316,image_222_full.webp,---,data/VARIED SPLIT V3 CURRENT/scene_2316/image_222_16.webp,21.43905964223073,0.5364823000944896,0.6812034797125226,0.40025847504508066,0.0356798989283844,0.800095062861422,0.20197654086409034,0.19617380127423395,0.3146459504846216,0.9535459114914095,0.3252064643387054,45.82760400386542,57.12357669818141,0.7441031,0.26798824552788414,0.5770758310402582,0.5604965750692399,0.6820967350356445
varied_split,scene_2316,image_222_full.webp,---,data/VARIED SPLIT V3 CURRENT/scene_2316/image_222_32.webp,26.821437939484124,0.5890786330293544,0.7273782992583273,0.48793579480677857,0.046583444061862274,0.8372046835572206,0.17868653410981108,0.17378585210514136,0.3567666527109333,0.9889728361368043,0.38187750577797197,39.9798509421099,49.057497947402794,0.902296,0.33526797424355154,0.5105329545994602,0.49653100601468964,0.3883663850022613
varied_split,scene_2316,image_222_full.webp,---,data/VARIED SPLIT V3 CURRENT/scene_2316/image_222_64.webp,28.983177611475007,0.6870273033918203,0.8192199233069626,0.692948375463532,0.06663734724108279,0.8766552801281969,0.13979283434984752,0.13549568637668752,0.48559973379143667,0.9933951378421929,0.4849235386329358,32.734515608310545,43.71645011774001,0.9021289,0.3622897201434376,0.3994080981424215,0.3871305325048215,0.19386941850531839
varied_split,scene_2316,image_222_full.webp,---,data/VARIED SPLIT V3 CURRENT/scene_2316/image_222_8.webp,17.952585256572103,0.5331029473388637,0.6666520370648075,0.36686656962453756,0.026266442864189974,0.7317788446819704,0.22533321904132655,0.22107232959174128,0.2881724613676958,0.9026498435262633,0.3145770436494803,50.088042899703034,65.85346370884747,0.6646077,0.22440731570715128,0.6438091972609331,0.6316352274049751,0.9999999996358448
varied_split,scene_2320,image_181_full.webp,---,data/VARIED SPLIT V3 CURRENT/scene_2320/image_181_128.webp,31.08905810755981,0.8269597787842758,0.9114930514922873,0.8794160143621919,0.11235343061720794,0.9279731439755066,0.06989538801301665,0.07378453270278708,0.7373203246023561,0.9956239795022416,0.6326257951476677,26.305894045152737,46.12386949262293,0.8230134,0.38861322634449763,0.199701108608619,0.21081295057939167,0.0
varied_split,scene_2320,image_181_full.webp,---,data/VARIED SPLIT V3 CURRENT/scene_2320/image_181_16.webp,18.674390651683495,0.5005653676773492,0.6607613417516103,0.38122154792991164,0.03712970815399137,0.8072414808309678,0.19899052812856483,0.1935083126626932,0.3148410697210182,0.9162259351946545,0.2837481937395504,51.77664508779496,59.67237191944389,0.77884763,0.23342988314604368,0.5685443660816139,0.5528808933219805,0.7796900528254816
varied_split,scene_2320,image_181_full.webp,---,data/VARIED SPLIT V3 CURRENT/scene_2320/image_181_32.webp,26.27913873950865,0.6079405711302693,0.7404049211825918,0.4926556466186067,0.04893381960740917,0.8510329750481569,0.16472709349121134,0.16181353535775267,0.3871309026712911,0.9871645592852537,0.37816831184752686,42.30008557347444,53.72806293801625,0.90996915,0.3284892342438581,0.47064883854631817,0.4623243867364362,0.4376065931388011
varied_split,scene_2320,image_181_full.webp,---,data/VARIED SPLIT V3 CURRENT/scene_2320/image_181_64.webp,27.907215002781278,0.705241349962393,0.8336351925743737,0.7263460195670584,0.07586711254768007,0.8909828887507333,0.12317373914385063,0.12164163535486976,0.5273766652945275,0.9908788633706309,0.4756781076307499,35.70068379638423,52.85571172857237,0.9050825,0.348840187534766,0.3519249689824304,0.3475475295853422,0.38740447196360756
varied_split,scene_2320,image_181_full.webp,---,data/VARIED SPLIT V3 CURRENT/scene_2320/image_181_8.webp,19.29989547073844,0.5428397771405558,0.6750954755120723,0.3637278902210715,0.027901615842229756,0.7728329025021686,0.21535077735074556,0.2090584876583464,0.3055636703502757,0.9267229653799142,0.31942916202463967,50.75365764097153,63.50064936806996,0.7474795,0.24124869338423052,0.6152879352878445,0.5973099647381326,0.9999999994245193
varied_split,scene_3201,SWFD_semicircle_sc_BP_slice0031.webp,---,"data/VARIED SPLIT V3 CURRENT/scene_3201/SWFD_semicircle_sc,lv128_BP_slice0031.webp",24.73456062071447,0.9565115985726731,0.9657526842981229,0.89886852373085,0.2681135125933937,0.8670924999350953,0.023996589046836325,0.026992805709308162,0.8677069543855748,0.9731035475960339,0.9528725007206293,3.5838374420760837,51.150894074138364,0.51677865,0.30918200775893084,0.06856168299096094,0.07712230202659476,0.9999999994114729
varied_split,scene_3201,SWFD_semicircle_sc_BP_slice0031.webp,---,"data/VARIED SPLIT V3 CURRENT/scene_3201/SWFD_semicircle_sc,ss128_BP_slice0031.webp",38.8777260217002,0.9122122396853841,0.9793488847057722,0.972795840691229,0.3849401598326175,0.9081444903908005,0.012577992279970513,0.022436092663932938,0.9244368574773884,0.999250311294486,0.906707997969098,5.2767849892851375,48.02140626106359,0.5259117,0.48597157527125245,0.035937120799915755,0.06410312189695125,0.8158211626228339
varied_split,scene_3201,SWFD_semicircle_sc_BP_slice0031.webp,---,"data/VARIED SPLIT V3 CURRENT/scene_3201/SWFD_semicircle_sc,ss32_BP_slice0031.webp",29.30853669779446,0.6662164256472898,0.8918695001531532,0.8589324005283203,0.1884495430698365,0.7875603925186103,0.10216774881036082,0.10185899676167612,0.6655072665027538,0.9921526134167534,0.650478203236305,9.992568557406617,34.159322915371945,0.7157547,0.36635670872243076,0.29190785374388806,0.29102570503336034,0.0
varied_split,scene_3201,SWFD_semicircle_sc_BP_slice0031.webp,---,"data/VARIED SPLIT V3 CURRENT/scene_3201/SWFD_semicircle_sc,ss64_BP_slice0031.webp",35.115385423058186,0.7967258784923741,0.9486502628330404,0.9418902668557044,0.2689890590660547,0.8358019849897842,0.04367925315901321,0.05487154863357115,0.8366848001429726,0.9984037208638841,0.7876630412225282,7.517916060935339,45.443541378834766,0.6841414,0.43894231778822734,0.12479786616860918,0.15677585323877474,0.6641068298736996
varied_split,scene_3203,SWFD_semicircle_sc_BP_slice0090.webp,---,"data/VARIED SPLIT V3 CURRENT/scene_3203/SWFD_semicircle_sc,lv128_BP_slice0090.webp",26.450845288216232,0.9857982554205722,0.9889739037033467,0.9434088830861826,0.47808273701960496,0.7854563135763748,0.016629029294823225,0.016070064218186984,0.9622614329103097,0.9907960097185404,0.9850449782239756,3.178418671576516,73.27812819705844,0.440733,0.3306355661027029,0.047511512270923505,0.04591446919481996,0.9999999997185666
varied_split,scene_3203,SWFD_semicircle_sc_BP_slice0090.webp,---,"data/VARIED SPLIT V3 CURRENT/scene_3203/SWFD_semicircle_sc,ss128_BP_slice0090.webp",43.43637215810223,0.963127394473946,0.9914096348622669,0.985257165298338,0.601312538612372,0.8261879762445397,0.010392039260074542,0.018373917300094977,0.9687466889256,0.9998917001137597,0.9605309979845009,4.042307972997387,40.29069375161555,0.41818404,0.5429546519762779,0.02969154074307012,0.05249690657169993,0.07162356501193075
varied_split,scene_3203,SWFD_semicircle_sc_BP_slice0090.webp,---,"data/VARIED SPLIT V3 CURRENT/scene_3203/SWFD_semicircle_sc,ss32_BP_slice0090.webp",32.16390564451892,0.710435158962795,0.8874651186599599,0.8288008628000961,0.2857507266278218,0.7146845809780586,0.13365985849373346,0.12612707794036115,0.6312717780020504,0.9985246879192725,0.6918308609905897,9.374484171378764,40.79584965165179,0.8144822,0.4020488205564865,0.38188530998209563,0.3603630798296033,0.0858403369837643
varied_split,scene_3203,SWFD_semicircle_sc_BP_slice0090.webp,---,"data/VARIED SPLIT V3 CURRENT/scene_3203/SWFD_semicircle_sc,ss64_BP_slice0090.webp",35.884936016037685,0.8569722069144519,0.9615963050841387,0.9519107869050251,0.4083356499267506,0.7283864690289191,0.049796274736125815,0.05753629150412545,0.8814174315823498,0.9992718894685663,0.851972879531374,6.266060487504426,37.74573723693777,0.6725836,0.44856170020047104,0.1422750706746452,0.16438940429750132,0.0
varied_split,scene_3205,SWFD_semicircle_sc_BP_slice0070.webp,---,"data/VARIED SPLIT V3 CURRENT/scene_3205/SWFD_semicircle_sc,lv128_BP_slice0070.webp",38.53278633166573,0.9529909589503025,0.9831477131884482,0.9641942209481643,0.3695922734675999,0.948775196677073,0.011784813825062303,0.014273777989064573,0.9370794371541499,0.9994900451015186,0.9495773316511203,7.01693672478351,35.98772595652429,0.5144963,0.48165982914582167,0.03367089664303515,0.04078222282589878,0.8796974138836531
varied_split,scene_3205,SWFD_semicircle_sc_BP_slice0070.webp,---,"data/VARIED SPLIT V3 CURRENT/scene_3205/SWFD_semicircle_sc,ss128_BP_slice0070.webp",35.714511386322044,0.8479588052374922,0.9663030446861428,0.9639477166204617,0.3499163093898288,0.923515368085625,0.026562677640368036,0.04678148752671073,0.8781364113024814,0.9993638166576719,0.838632666177623,9.21357839890267,38.919153128321,0.55999255,0.44643139232902557,0.07589336468676582,0.13366139293345922,0.9999999995896108
varied_split,scene_3205,SWFD_semicircle_sc_BP_slice0070.webp,---,"data/VARIED SPLIT V3 CURRENT/scene_3205/SWFD_semicircle_sc,ss32_BP_slice0070.webp",26.056862430953434,0.5869107867589256,0.8463998192300981,0.8053662005938744,0.1298237160902755,0.8277783395505567,0.1693851107624081,0.16194202192967322,0.5412718056294636,0.9919293590680519,0.5680438740522364,16.97574722504196,14.987001236501442,0.79561776,0.3257107803869179,0.483957459321166,0.4626914912276378,0.017850491734370217
varied_split,scene_3205,SWFD_semicircle_sc_BP_slice0070.webp,---,"data/VARIED SPLIT V3 CURRENT/scene_3205/SWFD_semicircle_sc,ss64_BP_slice0070.webp",30.025199074341003,0.691504764549321,0.90959013309658,0.900712079377281,0.21519139933782955,0.8602345987230824,0.10641556054594689,0.1090040683703152,0.7206526243892244,0.9974358821580116,0.6779189856794442,13.460391151449471,14.552036217312548,0.79152095,0.37531498842926253,0.3040444587027054,0.3114401953437577,0.0
varied_split,scene_3207,SWFD_semicircle_sc_BP_slice0002.webp,---,"data/VARIED SPLIT V3 CURRENT/scene_3207/SWFD_semicircle_sc,lv128_BP_slice0002.webp",37.819070641415294,0.9468799082831951,0.9810024797975536,0.9588459836129988,0.32950653834141397,0.9243199359185468,0.018492806791091963,0.01914509769645457,0.9328222281077877,0.9991659044019601,0.9422895544471448,6.022173560639353,39.07183722913544,0.34869862,0.47273838301769117,0.05283659083169133,0.05470027913272735,0.729843387124827
varied_split,scene_3207,SWFD_semicircle_sc_BP_slice0002.webp,---,"data/VARIED SPLIT V3 CURRENT/scene_3207/SWFD_semicircle_sc,ss128_BP_slice0002.webp",30.43911940511157,0.8366290930801042,0.9619724148743176,0.9620097441752418,0.31083395866128966,0.9318306306658035,0.022617275076169462,0.041052057982425706,0.8913382527006144,0.9947655983489613,0.8284237643747315,8.601317817900737,44.191853903108154,0.56239337,0.3804889925638946,0.06462078593191276,0.11729159423550202,0.9999999994723521
varied_split,scene_3207,SWFD_semicircle_sc_BP_slice0002.webp,---,"data/VARIED SPLIT V3 CURRENT/scene_3207/SWFD_semicircle_sc,ss32_BP_slice0002.webp",25.675925211449893,0.5200230453325834,0.8071466423158008,0.7634827540330406,0.13027305104657974,0.7747652369421268,0.16640932906789713,0.15806387602669475,0.5227098492963892,0.9872464366783475,0.4975262953658786,16.85184919297009,25.239822239767477,0.6601099,0.32094906514312366,0.47545522590827755,0.45161107436198505,0.0
varied_split,scene_3207,SWFD_semicircle_sc_BP_slice0002.webp,---,"data/VARIED SPLIT V3 CURRENT/scene_3207/SWFD_semicircle_sc,ss64_BP_slice0002.webp",30.075950366000114,0.6934472590763421,0.9126034639770508,0.908763096472122,0.20106244720568658,0.8372224429382134,0.07962017176219997,0.0862668057820128,0.7672988846060543,0.9956568315431038,0.6784219621246476,11.616446864455142,28.62784331642945,0.63676786,0.3759493795750014,0.2274862050348571,0.24647658794860802,0.17876822575322154
varied_split,scene_3209,SWFD_semicircle_sc_BP_slice0000.webp,---,"data/VARIED SPLIT V3 CURRENT/scene_3209/SWFD_semicircle_sc,lv128_BP_slice0000.webp",30.48837963768029,0.9820502122897494,0.9841673757975402,0.9282619212611866,0.3123541333141101,0.7355171677207357,0.01714982116239891,0.017589367983479424,0.937090319918548,0.9950176169664515,0.9801999277353545,3.144259337587617,84.84376963378429,0.5438235,0.3811047454710036,0.04899948903542546,0.0502553370956555,0.9999999998489336
varied_split,scene_3209,SWFD_semicircle_sc_BP_slice0000.webp,---,"data/VARIED SPLIT V3 CURRENT/scene_3209/SWFD_semicircle_sc,ss128_BP_slice0000.webp",40.99975170569913,0.9557831593620997,0.9858464948694637,0.9525465717476767,0.3986779211037529,0.8609374279892507,0.012465763468975901,0.0217088413489257,0.9337547780685332,0.9996916332025338,0.9498008619599425,4.203105715390486,44.6624954425489,0.56475216,0.5124968963212392,0.03561646705421686,0.06202526099693058,0.39299581538468487
varied_split,scene_3209,SWFD_semicircle_sc_BP_slice0000.webp,---,"data/VARIED SPLIT V3 CURRENT/scene_3209/SWFD_semicircle_sc,ss32_BP_slice0000.webp",30.962286445723443,0.7472142173887384,0.9039834041420912,0.8354711600795818,0.19572997418747046,0.7857000728691834,0.12424441114623289,0.1195912826498839,0.6212710281284066,0.9968050017158236,0.7287558127050271,8.739179391672357,18.647728134284648,0.6879689,0.38702858057154305,0.3549840318463797,0.34168937899966834,0.0
varied_split,scene_3209,SWFD_semicircle_sc_BP_slice0000.webp,---,"data/VARIED SPLIT V3 CURRENT/scene_3209/SWFD_semicircle_sc,ss64_BP_slice0000.webp",36.78583564356202,0.8667399145746296,0.9602295550349119,0.9306576144396639,0.2718998518020436,0.807350731847402,0.054911961095402764,0.062224582580711445,0.842165622005565,0.9993205105804333,0.8585118844900623,6.140276146660442,35.49417398475509,0.6464735,0.4598229455445252,0.1568913174154365,0.17778452165917558,0.25449325165543096
varied_split,scene_3211,SWFD_semicircle_sc_BP_slice0067.webp,---,"data/VARIED SPLIT V3 CURRENT/scene_3211/SWFD_semicircle_sc,lv128_BP_slice0067.webp",23.587534303551582,0.9122118668903202,0.9658863432630909,0.9156130814263157,0.19767768835916383,0.8984243735671832,0.02276639124290271,0.025550315335419977,0.8855366391565141,0.9786290594126883,0.9063264957588643,4.451612635410654,51.31228952391905,0.29727906,0.2948441787943948,0.06504683212257917,0.0730009009583428,0.999999999732633
varied_split,scene_3211,SWFD_semicircle_sc_BP_slice0067.webp,---,"data/VARIED SPLIT V3 CURRENT/scene_3211/SWFD_semicircle_sc,ss128_BP_slice0067.webp",37.81142928168898,0.8775858257382398,0.9723653946596266,0.9667389887357941,0.2906066331938093,0.9466483038197969,0.01862676965215669,0.02439110040104402,0.8999822553754632,0.9994954906153025,0.8707962118365125,6.378044086299655,17.224336567342675,0.29708585,0.4726428660211123,0.053219341863304834,0.0696888582886972,0.08860057348289763
varied_split,scene_3211,SWFD_semicircle_sc_BP_slice0067.webp,---,"data/VARIED SPLIT V3 CURRENT/scene_3211/SWFD_semicircle_sc,ss32_BP_slice0067.webp",27.05318820952646,0.538799601872669,0.8300737402564766,0.7895733471044575,0.12472782894743123,0.78768849607345,0.12989262709642663,0.12536569819668075,0.5695299318050099,0.99226668709417,0.5195376214664146,13.370352875844599,13.910518175731,0.79490876,0.33816485261908075,0.3711217917040761,0.3581877091333736,0.0
varied_split,scene_3211,SWFD_semicircle_sc_BP_slice0067.webp,---,"data/VARIED SPLIT V3 CURRENT/scene_3211/SWFD_semicircle_sc,ss64_BP_slice0067.webp",31.11274664321978,0.7383090166513734,0.9283186461144675,0.919559319675069,0.18619375999991666,0.8694197939073777,0.05433385097298008,0.059985531940518505,0.789549621925334,0.9968366253868293,0.7269409605476944,8.9652205091338,19.436776659503835,0.5488841,0.3889093330402472,0.15523957420851453,0.17138723411576717,0.1477539240280666
varied_split,scene_3213,SWFD_semicircle_sc_BP_slice0095.webp,---,"data/VARIED SPLIT V3 CURRENT/scene_3213/SWFD_semicircle_sc,lv128_BP_slice0095.webp",38.46874431797274,0.9618180782245224,0.9870162472122198,0.9731471476144526,0.34965195785277486,0.9338788191527432,0.01332295604765923,0.014882255295640842,0.9518630595539139,0.9995473034862664,0.9592077050083275,5.099306026617247,37.071869998786156,0.2748318,0.48085930397465926,0.0380655887075978,0.0425207294161167,0.9999999994553365
varied_split,scene_3213,SWFD_semicircle_sc_BP_slice0095.webp,---,"data/VARIED SPLIT V3 CURRENT/scene_3213/SWFD_semicircle_sc,ss128_BP_slice0095.webp",37.79676968085291,0.8774445128589139,0.9725705508549982,0.9705777920826444,0.35116982005397457,0.9196672729770541,0.017289345905889177,0.03150088882902677,0.922111492246745,0.9996546690553445,0.8715180463520401,6.862097448431667,35.43849053600445,0.58529145,0.4724596210106614,0.04939813115968337,0.09000253951150505,0.9110357755156943
varied_split,scene_3213,SWFD_semicircle_sc_BP_slice0095.webp,---,"data/VARIED SPLIT V3 CURRENT/scene_3213/SWFD_semicircle_sc,ss32_BP_slice0095.webp",29.09840334507322,0.5652068747035296,0.8443405225071529,0.8042946368677505,0.14366286602312597,0.7692087307697371,0.14031946528426886,0.13416235260296597,0.6095754755260595,0.9974210389876893,0.5491348601539717,14.365796236179298,18.711911472084125,0.72366494,0.36373004181341523,0.40091275795505393,0.38332100743704567,0.0
varied_split,scene_3213,SWFD_semicircle_sc_BP_slice0095.webp,---,"data/VARIED SPLIT V3 CURRENT/scene_3213/SWFD_semicircle_sc,ss64_BP_slice0095.webp",33.047210994212556,0.7313925644035452,0.9265347750497537,0.9200842013904065,0.2174824888212091,0.8372888199850834,0.06744652647445244,0.07488829723495473,0.7975239115140963,0.9989698764069277,0.7208025510742991,9.968149199431656,23.16984695173562,0.68587613,0.41309013742765693,0.19270436135557842,0.2139665635284421,0.24280749168033078
varied_split,scene_3215,SWFD_semicircle_sc_BP_slice0046.webp,---,"data/VARIED SPLIT V3 CURRENT/scene_3215/SWFD_semicircle_sc,lv128_BP_slice0046.webp",19.616932880792138,0.9415526088449928,0.9653684436770936,0.9003121946371577,0.2726613173046912,0.8261282440150498,0.02332312219211356,0.02516545932762569,0.8947675228519973,0.9289106957285903,0.9398181558578547,3.508346723461942,63.74875020669799,0.4877339,0.24521166100990172,0.06663749197746732,0.07190131236464484,0.9999999997893606
varied_split,scene_3215,SWFD_semicircle_sc_BP_slice0046.webp,---,"data/VARIED SPLIT V3 CURRENT/scene_3215/SWFD_semicircle_sc,ss128_BP_slice0046.webp",40.76479126595045,0.9305656354415859,0.9842407009210415,0.9813740090981459,0.4869108292835516,0.8608427026803164,0.011709420409408144,0.020643896078754744,0.9450552202320207,0.9996125386023034,0.9255889129429091,5.179939420035008,29.8983981068983,0.5728817,0.5095598908243806,0.03345548688402327,0.05898256022501356,0.28697837455129693
varied_split,scene_3215,SWFD_semicircle_sc_BP_slice0046.webp,---,"data/VARIED SPLIT V3 CURRENT/scene_3215/SWFD_semicircle_sc,ss32_BP_slice0046.webp",31.365003824099205,0.6451850700261927,0.8718374008648259,0.8441210494854315,0.22683449924149177,0.7539452158958441,0.12671715220385646,0.12066782022102711,0.6535156939261271,0.996552486396143,0.6301049828145998,10.643563503826007,16.274240466032666,0.75093836,0.39206254780124006,0.36204900629673276,0.34476520063150606,0.0
varied_split,scene_3215,SWFD_semicircle_sc_BP_slice0046.webp,---,"data/VARIED SPLIT V3 CURRENT/scene_3215/SWFD_semicircle_sc,ss64_BP_slice0046.webp",34.71460079413455,0.8012762585737915,0.9474452145544445,0.9440499617849054,0.336003752609595,0.7844006375878017,0.04947030956159008,0.060189580209459484,0.8423197351815666,0.9982259428865364,0.7938396951068356,7.479286789042206,19.273955311035593,0.77642584,0.43393250992668186,0.14134374160454308,0.17197022916988425,0.0631857993006634
varied_split,scene_3217,SWFD_semicircle_sc_BP_slice0041.webp,---,"data/VARIED SPLIT V3 CURRENT/scene_3217/SWFD_semicircle_sc,lv128_BP_slice0041.webp",14.147106424344067,0.8170090083851901,0.9540591273984619,0.8876917050504078,0.203211763690392,0.8446962145263452,0.035113826498598684,0.04453162363761087,0.8085698935939482,0.7194529539556652,0.8138876893388064,3.2124685000632303,42.50800393233396,0.3874927,0.17683883030430084,0.10032521856742482,0.12723321039317392,0.9999999996152718
varied_split,scene_3217,SWFD_semicircle_sc_BP_slice0041.webp,---,"data/VARIED SPLIT V3 CURRENT/scene_3217/SWFD_semicircle_sc,ss128_BP_slice0041.webp",36.25996103426871,0.8982813931700266,0.9761178207858935,0.9693669374768918,0.33413481938534423,0.8795309303631886,0.016596400184121344,0.024523975913349372,0.9068523722147986,0.9968606961504497,0.8922637217838616,5.354429154678594,41.62087977520662,0.5584361,0.4532495129283589,0.0474182862403467,0.07006850260956964,0.9658698278075538
varied_split,scene_3217,SWFD_semicircle_sc_BP_slice0041.webp,---,"data/VARIED SPLIT V3 CURRENT/scene_3217/SWFD_semicircle_sc,ss32_BP_slice0041.webp",31.126175706120183,0.6158778905751894,0.8550827393167831,0.8037457973243011,0.1566844041903128,0.7956708557063495,0.1258957502790425,0.12025196554701344,0.5395531873207372,0.9929305496700095,0.5928398548943314,10.47757496206714,16.515630914585586,0.8424703,0.3890771963265023,0.3597021436544072,0.3435770444200384,0.0
varied_split,scene_3217,SWFD_semicircle_sc_BP_slice0041.webp,---,"data/VARIED SPLIT V3 CURRENT/scene_3217/SWFD_semicircle_sc,ss64_BP_slice0041.webp",34.665511804856514,0.7861811655055465,0.9440133039870477,0.9351871800284864,0.23395887336398047,0.8234989829734637,0.04673278778405,0.05543092504993592,0.8046820744171644,0.9966018991425875,0.7743822322113695,7.469874908046888,23.731075296383665,0.7569462,0.4333188975607064,0.13352225081157146,0.1583740715712455,0.27759852377061417
varied_split,scene_3219,SWFD_semicircle_sc_BP_slice0098.webp,---,"data/VARIED SPLIT V3 CURRENT/scene_3219/SWFD_semicircle_sc,lv128_BP_slice0098.webp",25.52412728801523,0.9492449163968192,0.9792031524579273,0.9519747886721848,0.3148713132750596,0.9446855861620558,0.015967303476674473,0.017542594302918473,0.9302240410422661,0.9884978285446205,0.9447842654161869,5.452946464451612,40.574096400688745,0.27927318,0.3190515911001904,0.04562086707621278,0.050121698008338496,0.9999999991085955
varied_split,scene_3219,SWFD_semicircle_sc_BP_slice0098.webp,---,"data/VARIED SPLIT V3 CURRENT/scene_3219/SWFD_semicircle_sc,ss128_BP_slice0098.webp",37.19717351083331,0.8650608429670652,0.9689506565713838,0.9679768952743641,0.35145751721964574,0.9153746137235445,0.018956692482192273,0.033659855829127595,0.8985838012558673,0.9995319101928749,0.8553999165984918,7.267340688082734,39.65363480250437,0.4422389,0.4649646688854164,0.05416197852054935,0.09617101665465028,0.9179496475927611
varied_split,scene_3219,SWFD_semicircle_sc_BP_slice0098.webp,---,"data/VARIED SPLIT V3 CURRENT/scene_3219/SWFD_semicircle_sc,ss32_BP_slice0098.webp",27.22968756829737,0.5649132493862588,0.8389730015308003,0.7998749249919437,0.13550815514167816,0.7645272869177788,0.1310258760256736,0.12779956610936624,0.6046736134895199,0.9941097466114783,0.5430528369497628,13.839728514381624,29.437222095528,0.59363914,0.3403710946037171,0.37435964578763886,0.36514161745533213,0.00725412754963182
varied_split,scene_3219,SWFD_semicircle_sc_BP_slice0098.webp,---,"data/VARIED SPLIT V3 CURRENT/scene_3219/SWFD_semicircle_sc,ss64_BP_slice0098.webp",30.904365465824974,0.7245684356916422,0.9227135129051032,0.9159973910936833,0.22048971571066794,0.8242109989990083,0.06685720445256213,0.07449952158019037,0.7811302166365129,0.997430298809944,0.7082618567580667,9.885732382021597,29.355843457723154,0.6401472,0.3863045683228122,0.19102058415017753,0.21285577594340105,0.0
varied_split,scene_3301,SWFD_multisegment_ms_BP_slice0082.webp,---,data/VARIED SPLIT V3 CURRENT/scene_3301/SWFD_multisegment_linear_BP_slice0082.webp,15.906879797188067,0.8602030154131103,0.9443254783137748,0.8621148290927764,0.24819107965044426,0.8661740342817826,0.04538208161614201,0.0496852951438606,0.7891055104258686,0.8433440283771326,0.8534620251745508,5.053512944436253,35.83291668869754,0.23346,0.19883599746485084,0.12966309033183432,0.14195798612531602,0.7775200724466608
varied_split,scene_3301,SWFD_multisegment_ms_BP_slice0082.webp,---,"data/VARIED SPLIT V3 CURRENT/scene_3301/SWFD_multisegment_ms,ss128_BP_slice0082.webp",32.84592494414257,0.8985264739395811,0.9759408384925563,0.9686672166719307,0.3634539486366028,0.9385609806843455,0.016465860447787514,0.022547492848439453,0.9085815017795885,0.9948433965378369,0.8913375300903642,6.1089568745064,41.546815445714515,0.45139852,0.4105740618017821,0.04704531556510719,0.06442140813839844,0.9999999996106337
varied_split,scene_3301,SWFD_multisegment_ms_BP_slice0082.webp,---,"data/VARIED SPLIT V3 CURRENT/scene_3301/SWFD_multisegment_ms,ss32_BP_slice0082.webp",26.333972624045032,0.5935650191538826,0.8221717387836475,0.7338704120944758,0.1435803814950214,0.8174629776583328,0.14759587047988457,0.14067609892135216,0.5079657663689663,0.9779920843884571,0.5641532827665817,12.061319684261402,15.86405463385529,0.6184792,0.3291746578005629,0.4217024870853845,0.40193171120386334,0.0
varied_split,scene_3301,SWFD_multisegment_ms_BP_slice0082.webp,---,"data/VARIED SPLIT V3 CURRENT/scene_3301/SWFD_multisegment_ms,ss64_BP_slice0082.webp",30.323634465598154,0.7802342643967952,0.9362344463927996,0.9140763265453921,0.23399505346579064,0.8620659588619827,0.06506067819910255,0.0651009071341995,0.7616810571021257,0.9913675201887215,0.7626465552151142,8.202626148990332,23.207177644874378,0.5889353,0.37904543081997694,0.18588765199743587,0.18600259181199857,0.28591641926475353
varied_split,scene_3303,SWFD_multisegment_ms_BP_slice0067.webp,---,data/VARIED SPLIT V3 CURRENT/scene_3303/SWFD_multisegment_linear_BP_slice0067.webp,26.867552276298202,0.8373313309303321,0.9085415777041754,0.768393233600018,0.27050656258870737,0.8586895734093399,0.07850530575489272,0.0840411232838759,0.6932441384863868,0.990685567310477,0.8276951576018572,7.931245303034146,45.58434078535413,0.34869862,0.3358444034537275,0.22430087358540776,0.2401174950967883,0.999999999760354
varied_split,scene_3303,SWFD_multisegment_ms_BP_slice0067.webp,---,"data/VARIED SPLIT V3 CURRENT/scene_3303/SWFD_multisegment_ms,ss128_BP_slice0067.webp",38.127076868030414,0.8864134714627909,0.9730385992033836,0.9669454269817963,0.3323527248774121,0.9618731665466372,0.0212365170053326,0.02594226441378636,0.9064249294774392,0.9995339163709336,0.8823865456269515,6.248202202025875,12.73800576983615,0.42570966,0.4765884608503802,0.06067576287237886,0.07412075546796103,0.21285088529491505
varied_split,scene_3303,SWFD_multisegment_ms_BP_slice0067.webp,---,"data/VARIED SPLIT V3 CURRENT/scene_3303/SWFD_multisegment_ms,ss32_BP_slice0067.webp",27.578826700419633,0.5578381635820735,0.7920247523508964,0.7055839857469998,0.13845861582619504,0.8522236671279846,0.17524278950787536,0.16486834866049146,0.49753688211749014,0.9928955211295127,0.5386751523958311,12.983389263611905,3.856116229130407,0.64472616,0.3447353337552454,0.5006936843082154,0.47105242474426134,0.0
varied_split,scene_3303,SWFD_multisegment_ms_BP_slice0067.webp,---,"data/VARIED SPLIT V3 CURRENT/scene_3303/SWFD_multisegment_ms,ss64_BP_slice0067.webp",33.42971214927749,0.7511959739283756,0.9180149651261735,0.8888814767957233,0.22151154567200393,0.9067225362888112,0.0940826162734436,0.08737860035984078,0.7500211595825856,0.9985870678191859,0.7395703519673344,8.72356621220185,7.595503505650072,0.5982398,0.41787140186596866,0.2688074750669817,0.2496531438852594,0.08961290146876881
varied_split,scene_3305,SWFD_multisegment_ms_BP_slice0097.webp,---,data/VARIED SPLIT V3 CURRENT/scene_3305/SWFD_multisegment_linear_BP_slice0097.webp,16.28826105203483,0.8871085793404047,0.9470795795394522,0.8727683517460337,0.2522442296521983,0.901351488250853,0.03339367145312791,0.03717475192584767,0.825515980224729,0.9161958951940299,0.8813229821440087,5.230877185001331,48.673057246222584,0.24247108,0.20360326315043537,0.09541048986607975,0.10621357693099334,0.9999999997712987
varied_split,scene_3305,SWFD_multisegment_ms_BP_slice0097.webp,---,"data/VARIED SPLIT V3 CURRENT/scene_3305/SWFD_multisegment_ms,ss128_BP_slice0097.webp",37.78572626346632,0.8794040218789265,0.9719590253996334,0.9664140992879668,0.34720041943985236,0.9356578103890519,0.02000108218277044,0.026690593419673517,0.9021583636161378,0.999544514395661,0.8738161657940404,6.732875382693293,19.348450732596234,0.49604928,0.47232157829332905,0.057145949093629834,0.07625883834192433,0.3293426186197669
varied_split,scene_3305,SWFD_multisegment_ms_BP_slice0097.webp,---,"data/VARIED SPLIT V3 CURRENT/scene_3305/SWFD_multisegment_ms,ss32_BP_slice0097.webp",28.272127521480876,0.5536320192311287,0.8182764828424691,0.7444493208019712,0.13751231573465458,0.8193676912563153,0.13771698307585117,0.13490016249626124,0.5491013732278891,0.9953109793774021,0.5339223430615565,13.17886182783923,4.947889476401201,0.89485836,0.35340159401851096,0.39347709450243196,0.3854290357036036,0.0
varied_split,scene_3305,SWFD_multisegment_ms_BP_slice0097.webp,---,"data/VARIED SPLIT V3 CURRENT/scene_3305/SWFD_multisegment_ms,ss64_BP_slice0097.webp",28.90103488318729,0.73828556034971,0.9261220824880788,0.9088745309957674,0.22057430801491232,0.8651764574815021,0.058221935201548024,0.06348983688444877,0.7832152843473503,0.9948238443753742,0.7261882866670514,9.248197970712884,14.580926320795356,0.72871697,0.3612629360398411,0.16634838629013723,0.18139953395556793,0.2203087451351
varied_split,scene_3307,SWFD_multisegment_ms_BP_slice0041.webp,---,data/VARIED SPLIT V3 CURRENT/scene_3307/SWFD_multisegment_linear_BP_slice0041.webp,19.98704581597742,0.8380494480375542,0.8991087196237656,0.7997748453804836,0.19884490143524025,0.8567757979487681,0.05088152261953824,0.056853180174950446,0.6886215823798211,0.9539501226234199,0.82816826024102,7.888231151271254,30.29029421106918,0.1835852,0.24983807269971775,0.1453757789129664,0.16243765764271556,0.9999999996567536
varied_split,scene_3307,SWFD_multisegment_ms_BP_slice0041.webp,---,"data/VARIED SPLIT V3 CURRENT/scene_3307/SWFD_multisegment_ms,ss128_BP_slice0041.webp",34.148246029146925,0.8184116582852183,0.9538692671572693,0.9473677536706797,0.30225840322944353,0.9499021097722216,0.03487007353822666,0.03997460958373598,0.8581943235677175,0.9985256398756159,0.8116273012571623,9.33406901038649,16.56389526341775,0.38034734,0.4268530753643366,0.09962878153779046,0.11421317023924565,0.5288462187122845
varied_split,scene_3307,SWFD_multisegment_ms_BP_slice0041.webp,---,"data/VARIED SPLIT V3 CURRENT/scene_3307/SWFD_multisegment_ms,ss32_BP_slice0041.webp",25.369034059601503,0.4008840542040945,0.6800029160712534,0.5904920151795667,0.10996936207217704,0.8385227315381504,0.20003032807590315,0.2044043233746509,0.3679930944782258,0.989334578774089,0.38175959376569035,19.742771831740185,1.1567087489635242,0.8836207,0.3171129257450188,0.571515223074009,0.5840123524990026,0.0
varied_split,scene_3307,SWFD_multisegment_ms_BP_slice0041.webp,---,"data/VARIED SPLIT V3 CURRENT/scene_3307/SWFD_multisegment_ms,ss64_BP_slice0041.webp",30.256106094814037,0.6170341497476303,0.8606248194838637,0.8203166861683862,0.18113394043709197,0.8875916403093064,0.11220715474715043,0.11060253278731372,0.632464061194315,0.9970262683050438,0.6015429557186045,13.329946513337662,12.503504060287582,0.72351176,0.37820132618517543,0.3205918707061441,0.3160072365351821,0.3894747291639815
varied_split,scene_3309,SWFD_multisegment_ms_BP_slice0018.webp,---,data/VARIED SPLIT V3 CURRENT/scene_3309/SWFD_multisegment_linear_BP_slice0018.webp,13.880637461393201,0.788826889137877,0.8922338334579755,0.7457145513083954,0.17309433885338826,0.7968965625447488,0.06926399823214048,0.07357673274273015,0.6856689573852175,0.8161684305460684,0.779453806316125,5.181319772673505,36.89987617025474,0.2903271,0.17350796826741502,0.19789713780611567,0.21021923640780044,0.9999999997425731
varied_split,scene_3309,SWFD_multisegment_ms_BP_slice0018.webp,---,"data/VARIED SPLIT V3 CURRENT/scene_3309/SWFD_multisegment_ms,ss128_BP_slice0018.webp",35.799118269605806,0.8416051379992752,0.9618560067647953,0.9572263010807097,0.33358722427628,0.9579377491889293,0.027089783695203727,0.033247298218505465,0.8516065160677291,0.9988560804156859,0.8370092302842882,8.221778825705757,16.446087870696488,0.55639416,0.44748897837007257,0.07739938198629637,0.09499228062430133,0.47346461114701954
varied_split,scene_3309,SWFD_multisegment_ms_BP_slice0018.webp,---,"data/VARIED SPLIT V3 CURRENT/scene_3309/SWFD_multisegment_ms,ss32_BP_slice0018.webp",25.143980627390743,0.4134960939964214,0.6935143886285101,0.6104595391073963,0.11324799464457569,0.8286245973186463,0.19274629397543983,0.18596613999782632,0.4027048684177394,0.9826471884590431,0.3960115948632435,18.349248413476907,-1.9461135529621743,0.647536,0.3142997578423843,0.5507036970726853,0.5313318285652181,0.0
varied_split,scene_3309,SWFD_multisegment_ms_BP_slice0018.webp,---,"data/VARIED SPLIT V3 CURRENT/scene_3309/SWFD_multisegment_ms,ss64_BP_slice0018.webp",30.746554962255583,0.649689390416425,0.8831664813386411,0.8592021240626573,0.20761190856519057,0.8929800181461971,0.09164076000596195,0.09101209256418245,0.6694026324581944,0.9961476551534854,0.6382136759531752,12.12704058779042,8.620025204406033,0.6923796,0.3843319370281948,0.261830742874177,0.26003455018337845,0.2720007606945636
varied_split,scene_3311,SWFD_multisegment_ms_BP_slice0023.webp,---,data/VARIED SPLIT V3 CURRENT/scene_3311/SWFD_multisegment_linear_BP_slice0023.webp,20.300529198641975,0.9050403642124221,0.9539811046040315,0.8728349887330076,0.21354381278175943,0.8768224508035343,0.04190559800068943,0.04829974164423866,0.8184304075667905,0.9673695910525365,0.898445290442402,5.014588483090929,43.58846649073041,0.111305155,0.2537566149830247,0.11973028000196981,0.1379992618406819,0.9999999997594252
varied_split,scene_3311,SWFD_multisegment_ms_BP_slice0023.webp,---,"data/VARIED SPLIT V3 CURRENT/scene_3311/SWFD_multisegment_ms,ss128_BP_slice0023.webp",34.88157363343159,0.8785752832192829,0.9697856901081943,0.9626212183763377,0.3389440873242283,0.9573883928138714,0.022672349850035304,0.027024769531296643,0.9024981070031302,0.9988958349835283,0.8731198056953241,6.697111567300291,14.23321351906327,0.58077794,0.4360196704178949,0.0647781424286723,0.07721362723227612,0.2937867569924481
varied_split,scene_3311,SWFD_multisegment_ms_BP_slice0023.webp,---,"data/VARIED SPLIT V3 CURRENT/scene_3311/SWFD_multisegment_ms,ss32_BP_slice0023.webp",28.80061232365788,0.5282450111393754,0.7859151886089007,0.688710727999831,0.14391652429428822,0.8538969925777418,0.14571280079540266,0.1460476592682211,0.5379779203238718,0.9968921578502927,0.5094721340394603,14.003531712497184,2.021343153323528,0.9207101,0.3600076540457235,0.41632228798686477,0.41727902648063175,0.0
varied_split,scene_3311,SWFD_multisegment_ms_BP_slice0023.webp,---,"data/VARIED SPLIT V3 CURRENT/scene_3311/SWFD_multisegment_ms,ss64_BP_slice0023.webp",33.09881047186998,0.7296972722990619,0.9152039102114853,0.885954376651189,0.22092372950963765,0.9015751432906113,0.06845764513559603,0.07085995917927491,0.7793684345303622,0.9988498519475036,0.7181209768041178,9.535102795111388,13.318611100749536,0.8225719,0.41373513089837477,0.19559327181598868,0.20245702622649978,0.27178373285556634
varied_split,scene_3313,SWFD_multisegment_ms_BP_slice0042.webp,---,data/VARIED SPLIT V3 CURRENT/scene_3313/SWFD_multisegment_linear_BP_slice0042.webp,30.510901782009654,0.8712570562396762,0.9174908532306191,0.8100168210358383,0.21214163133022593,0.8908186403553072,0.05267806481213793,0.05719188377247481,0.7497455530638204,0.9970268197686357,0.857880183268838,6.9867816097679265,45.37393453264269,0.16546705,0.3813862722751207,0.15050875660610838,0.1634053822070709,0.999999999770525
varied_split,scene_3313,SWFD_multisegment_ms_BP_slice0042.webp,---,"data/VARIED SPLIT V3 CURRENT/scene_3313/SWFD_multisegment_ms,ss128_BP_slice0042.webp",34.40814667393671,0.8303670956107896,0.9596709652327756,0.9568487221452712,0.34947350113829,0.9590171073171415,0.029588276539241176,0.03616928853509518,0.8622467348607282,0.9991648039590075,0.8209901786932776,9.38995348504799,16.48865961908689,0.52202016,0.43010183342420893,0.08453793296926052,0.10334082438598623,0.33715520150675254
varied_split,scene_3313,SWFD_multisegment_ms_BP_slice0042.webp,---,"data/VARIED SPLIT V3 CURRENT/scene_3313/SWFD_multisegment_ms,ss32_BP_slice0042.webp",27.059486456094923,0.48481019837489553,0.7750090938867032,0.7144459050630355,0.12188671740846661,0.8530543267414676,0.15414810943982224,0.14998290151426105,0.5217483700297905,0.9958292332363611,0.46061188453751495,16.789934920904614,1.7961996200534713,0.8349111,0.33824358070118654,0.44042316982806357,0.4285225757550316,0.0
varied_split,scene_3313,SWFD_multisegment_ms_BP_slice0042.webp,---,"data/VARIED SPLIT V3 CURRENT/scene_3313/SWFD_multisegment_ms,ss64_BP_slice0042.webp",31.164110895599144,0.6705404519742983,0.8979052411471288,0.8796786693226922,0.21097272694942326,0.90194457817839,0.07927518734481818,0.08200867874704265,0.7084991714719754,0.9984588770641675,0.6530643908658726,12.219063518295057,11.273327028315748,0.75101316,0.3895513861949893,0.2265005352709091,0.23431051070583617,0.21747636551319824
varied_split,scene_3315,SWFD_multisegment_ms_BP_slice0084.webp,---,data/VARIED SPLIT V3 CURRENT/scene_3315/SWFD_multisegment_linear_BP_slice0084.webp,15.568268068896469,0.8833031046043764,0.9491671194783056,0.8690554453621038,0.2336102617536016,0.8853843558548216,0.04815788063891029,0.05090839744703934,0.7777996432986989,0.8747472643527576,0.8777731471830055,4.6353438834792415,44.827323688194724,0.121719904,0.19460335086120586,0.13759394468260083,0.1454525641343981,0.9999999996657419
varied_split,scene_3315,SWFD_multisegment_ms_BP_slice0084.webp,---,"data/VARIED SPLIT V3 CURRENT/scene_3315/SWFD_multisegment_ms,ss128_BP_slice0084.webp",36.97684796410039,0.9006521245985436,0.9743160604963685,0.9652430064776895,0.39230128879352366,0.9043656991020094,0.02443639188936462,0.02782662879044988,0.9117863524579185,0.9989640219592949,0.8954104451547285,5.956004275359829,24.38235729396149,0.3425041,0.46221059955125493,0.06981826254104177,0.07950465368699967,0.3166105581885314
varied_split,scene_3315,SWFD_multisegment_ms_BP_slice0084.webp,---,"data/VARIED SPLIT V3 CURRENT/scene_3315/SWFD_multisegment_ms,ss32_BP_slice0084.webp",29.910552989068844,0.592457240444066,0.796707339449952,0.6851239301092502,0.17257671824264761,0.8053355903168119,0.16119982087604068,0.15679756264825823,0.4895229511047497,0.9958429134530048,0.5700927868652605,11.485812588198819,14.910317152059747,0.72784305,0.37388191236336055,0.46057091678868767,0.44799303613788066,0.0
varied_split,scene_3315,SWFD_multisegment_ms_BP_slice0084.webp,---,"data/VARIED SPLIT V3 CURRENT/scene_3315/SWFD_multisegment_ms,ss64_BP_slice0084.webp",31.918194584373573,0.7643347701839867,0.9217423853685324,0.8894294004064538,0.27197133268320917,0.8368469120915992,0.08005156128415741,0.07914133514861338,0.7572730084740698,0.9964719483603177,0.7524267655656197,8.24936612852717,25.659479572652003,0.6135878,0.39897743230466964,0.22871874652616406,0.22611810042460967,0.35929939728481813
varied_split,scene_3317,SWFD_multisegment_ms_BP_slice0056.webp,---,data/VARIED SPLIT V3 CURRENT/scene_3317/SWFD_multisegment_linear_BP_slice0056.webp,21.281127954238567,0.8866306374024557,0.9365685343118464,0.8514021078409884,0.24066352391666357,0.893103893536483,0.04561844238898542,0.05111636621959688,0.803754645769316,0.9636598508874292,0.8806096511463899,6.464082290750303,49.16739170400581,0.16243804,0.2660140994279821,0.13033840682567263,0.14604676062741967,0.999999999803422
varied_split,scene_3317,SWFD_multisegment_ms_BP_slice0056.webp,---,"data/VARIED SPLIT V3 CURRENT/scene_3317/SWFD_multisegment_ms,ss128_BP_slice0056.webp",36.81166588282052,0.8562575970361507,0.9660372510549018,0.9622086770508228,0.3398884966056626,0.9564946030151975,0.023749877337468014,0.030216950099725245,0.8836145870649614,0.9993297653441278,0.8524366362805765,7.769298503151038,24.289806171365512,0.45530504,0.4601458235352565,0.06785679239276576,0.08633414314207213,0.5109615746286249
varied_split,scene_3317,SWFD_multisegment_ms_BP_slice0056.webp,---,"data/VARIED SPLIT V3 CURRENT/scene_3317/SWFD_multisegment_ms,ss32_BP_slice0056.webp",27.833839590281592,0.49911289796015923,0.790196232676567,0.7215919605718745,0.13583870985289,0.8365706032648869,0.14789460273642352,0.14256360926667094,0.5267626917516891,0.9942924060344401,0.48560110574145954,15.22359608434653,-1.7030189776454563,0.7786326,0.3479229948785199,0.42255600781835295,0.40732459790477415,0.0
varied_split,scene_3317,SWFD_multisegment_ms_BP_slice0056.webp,---,"data/VARIED SPLIT V3 CURRENT/scene_3317/SWFD_multisegment_ms,ss64_BP_slice0056.webp",29.63875512294433,0.7022471500109888,0.9107483453009613,0.8949076281621019,0.2163883245199321,0.8931052196785161,0.06921096654910466,0.0718925355060507,0.7573816347299034,0.9952055581354453,0.6937523999990525,10.457664051244377,12.906356881933448,0.6082517,0.3704844390368041,0.19774561871172763,0.205407244303002,0.28718808558737585
varied_split,scene_3319,SWFD_multisegment_ms_BP_slice0048.webp,---,data/VARIED SPLIT V3 CURRENT/scene_3319/SWFD_multisegment_linear_BP_slice0048.webp,15.135616154809362,0.8316187791331617,0.9086591865565086,0.7998304712724358,0.19916265812319472,0.8844101046923802,0.059900184602491746,0.06425018064490927,0.7275627141657712,0.8862928578050411,0.822152066748809,6.1752130683751165,46.64375129473103,0.24267854,0.18919520193511702,0.17114338457854786,0.18357194469974078,0.9999999997857405
varied_split,scene_3319,SWFD_multisegment_ms_BP_slice0048.webp,---,"data/VARIED SPLIT V3 CURRENT/scene_3319/SWFD_multisegment_ms,ss128_BP_slice0048.webp",32.2777119400284,0.8558907550409052,0.9660691675335467,0.9629008680537996,0.37943587171516235,0.9553376018612811,0.02521087945282305,0.03090182072850176,0.8802465254528744,0.9973356270648959,0.8510781494357322,8.225086110338989,20.676378793020945,0.76691747,0.40347139925035497,0.072031084150923,0.08829091636714789,0.4436244112075541
varied_split,scene_3319,SWFD_multisegment_ms_BP_slice0048.webp,---,"data/VARIED SPLIT V3 CURRENT/scene_3319/SWFD_multisegment_ms,ss32_BP_slice0048.webp",23.672456672579308,0.5005405873071882,0.7813219838908145,0.717682486289464,0.13022757083575642,0.8395979592647353,0.15088814275342918,0.14732250312734307,0.5092906732508327,0.9820985488051356,0.4821424608261525,15.40119080463235,-0.028627992264205204,0.8196064,0.29590570840724134,0.43110897929551195,0.42092143750669453,0.0
varied_split,scene_3319,SWFD_multisegment_ms_BP_slice0048.webp,---,"data/VARIED SPLIT V3 CURRENT/scene_3319/SWFD_multisegment_ms,ss64_BP_slice0048.webp",26.8416239010234,0.6786931909514895,0.9017469086231927,0.8858036988512549,0.23333485318208283,0.885358000908756,0.07951830327389199,0.08117747824432207,0.7170577565896507,0.9908270769883648,0.6672485863051347,11.466798100156051,13.262064962414684,0.805224,0.3355202987627925,0.22719515221112,0.2319356521266345,0.28476570414601815
varied_split,scene_5001,DoranssoPhantom_Rf_101822_211937 PA_GT.webp,---,data/VARIED SPLIT V3 CURRENT/scene_5001/DoranssoPhantom_Rf_101822_211937 PA2.webp,12.453651161243695,0.0745571061527472,0.37558694402367415,0.35452128237516856,0.08921871820432603,0.5041073968619146,0.3069900470560913,0.29546878706352053,0.14062658854029736,0.11505630257635345,0.08080635498234524,42.84773825521111,37.35572058992204,0.2562421,0.1556706395155462,0.8771144201602609,0.8441965344672016,0.14078933534505858
varied_split,scene_5001,DoranssoPhantom_Rf_101822_211937 PA_GT.webp,---,data/VARIED SPLIT V3 CURRENT/scene_5001/DoranssoPhantom_Rf_101822_211937 PA3.webp,16.187609980769757,0.11495365184642371,0.5010106547706535,0.4689009853573434,0.14857743061528758,0.5739717205864223,0.2884174940623704,0.27536962367161594,0.205570741949003,0.153655199337165,0.12405582081502194,34.71810596746997,36.2525979133585,0.24604066,0.20234512475962196,0.824049983035344,0.7867703533474741,0.0
varied_split,scene_5001,DoranssoPhantom_Rf_101822_211937 PA_GT.webp,---,data/VARIED SPLIT V3 CURRENT/scene_5001/DoranssoPhantom_Rf_101822_211937 PA4.webp,18.31362963485615,0.14148252248355944,0.5783953454048417,0.5413997235930433,0.19268491277584107,0.6214116993902208,0.2705929592403517,0.25714603381757745,0.2502691940672096,0.1735037225203189,0.15062545737798433,30.930948382785097,38.540815754178425,0.25486505,0.22892037043570185,0.7731227406867192,0.734702953764507,0.29204065493180437
varied_split,scene_5001,DoranssoPhantom_Rf_101822_211937 PA_GT.webp,---,data/VARIED SPLIT V3 CURRENT/scene_5001/DoranssoPhantom_Rf_101822_211937 PA5.webp,21.906429785838846,0.1906542026162347,0.6920441002766186,0.6427081317375175,0.25216907845368686,0.6959969282673962,0.23363459275885146,0.21844372362054332,0.3442987414240602,0.20608665324384468,0.19960192317746436,26.41949695395938,39.04377552614426,0.24935639,0.27383037232298557,0.6675274078824328,0.6241249246301238,0.3562324021461433
varied_split,scene_5001,DoranssoPhantom_Rf_101822_211937 PA_GT.webp,---,data/VARIED SPLIT V3 CURRENT/scene_5001/DoranssoPhantom_Rf_101822_211937 PA6.webp,27.124134272891528,0.3377789216695391,0.8420856399146086,0.7914433900349975,0.3736895485449547,0.8004300848779331,0.15954428895961506,0.1481394412044383,0.5221464306438536,0.24975608092065238,0.3403343910924134,22.837193874635,44.08786947318242,0.21523778,0.3390516784111441,0.4558408255989002,0.4232555462983952,0.99999999872372
varied_split,scene_5001,DoranssoPhantom_Rf_101822_211937 PA_GT.webp,---,data/VARIED SPLIT V3 CURRENT/scene_5001/DoranssoPhantom_Rf_101822_211937 PA7.webp,32.85704372780999,0.6480244399613929,0.9433513517427727,0.910224175899696,0.49655417641535055,0.8972644625243436,0.08151622152781153,0.07692931227218988,0.7361818949273087,0.2658166944506298,0.6534077884869142,20.9443597492416,40.677439612571675,0.19709863,0.41071304659762486,0.23290349007946154,0.21979803506339968,0.5647336738466886
varied_split,scene_5002,KWave_Rf_102622_011023 PA_GT.webp,---,data/VARIED SPLIT V3 CURRENT/scene_5002/KWave_Rf_102622_011023 PA2.webp,18.537824966792872,0.046725941682032215,0.44463130915337334,0.33263784862200946,0.1333684171896938,0.580840950854904,0.25919275541032655,0.24802004527827282,0.16003417138172554,0.04301240275842616,0.058483998594933785,25.801200762451227,32.94098570455992,0.12091496,0.2317228120849109,0.7405507297437902,0.7086287007950652,0.0
varied_split,scene_5002,KWave_Rf_102622_011023 PA_GT.webp,---,data/VARIED SPLIT V3 CURRENT/scene_5002/KWave_Rf_102622_011023 PA3.webp,22.14277367046568,0.08287663988095498,0.5697106730536521,0.44120098886872355,0.19180059932588336,0.6210208029568399,0.22964759959147363,0.21531842976819618,0.23507143771894878,0.055970993635349436,0.09389196518766567,20.28208225104841,35.23326161128682,0.116334796,0.276784670880821,0.6561359988327818,0.6151955136234177,0.05826916014243977
varied_split,scene_5002,KWave_Rf_102622_011023 PA_GT.webp,---,data/VARIED SPLIT V3 CURRENT/scene_5002/KWave_Rf_102622_011023 PA4.webp,27.90648447592815,0.23321196294435842,0.7506787619702221,0.6306982276309672,0.2956908436798168,0.6915243910997478,0.15962080197538656,0.14768853007763835,0.40827198710362395,0.08104866226224293,0.2382256500411056,14.091034830391663,40.28258609198531,0.13307731,0.34883105594910185,0.4560594342153902,0.42196722879325244,0.1866219015875449
varied_split,scene_5002,KWave_Rf_102622_011023 PA_GT.webp,---,data/VARIED SPLIT V3 CURRENT/scene_5002/KWave_Rf_102622_011023 PA5.webp,34.49776088858125,0.597416448906777,0.9062684712963871,0.8069987507709099,0.44074960791606194,0.8046993653530375,0.08034421428853906,0.07474953663659814,0.6608185446466072,0.10923139907714137,0.6002276808426842,10.76269776619501,37.02943825807745,0.091818236,0.4312220111072656,0.22955489796725448,0.2135701046759947,0.10392758388140326
varied_split,scene_5002,KWave_Rf_102622_011023 PA_GT.webp,---,data/VARIED SPLIT V3 CURRENT/scene_5002/KWave_Rf_102622_011023 PA6.webp,39.48987455224631,0.9030767496961053,0.9775171966453526,0.9094362934569836,0.5215026864130272,0.8866489669106243,0.04822677326633322,0.04592712167039689,0.7804281323222615,-540762059834127.4,0.9051252279049034,9.896716141645783,54.46339438327425,0.122131266,0.4936234319030789,0.13779078076095205,0.13122034762970541,0.5470949959691971
varied_split,scene_5002,KWave_Rf_102622_011023 PA_GT.webp,---,data/VARIED SPLIT V3 CURRENT/scene_5002/KWave_Rf_102622_011023 PA7.webp,44.56271296047919,0.9715393267114953,0.9947133524906702,0.9751233005870924,0.673611426878502,0.9234554189558773,0.01755284346854903,0.01748772042758462,0.9104261239090153,-365601190450702.9,0.9737399397808885,9.213633480172676,72.28042187526682,0.13377276,0.5570339120059898,0.05015098133871152,0.049964915507384626,0.9999999997458021
varied_split,scene_5003,BVPhantom_Rf_102622_020539 PA_GT.webp,---,data/VARIED SPLIT V3 CURRENT/scene_5003/BVPhantom_Rf_102622_020539 PA2.webp,19.167034908775065,0.062469948824654446,0.5181771710563553,0.4289890602112718,0.21107829396531788,0.7076066233117224,0.2601978874678142,0.24706752698599257,0.1915303507450097,0.06414470405027885,0.07539437822582061,26.93573995437396,36.38685840382334,0.26313022,0.2395879363596883,0.7434225356223263,0.7059072199599788,0.0
varied_split,scene_5003,BVPhantom_Rf_102622_020539 PA_GT.webp,---,data/VARIED SPLIT V3 CURRENT/scene_5003/BVPhantom_Rf_102622_020539 PA3.webp,24.355440177900356,0.12987460653528124,0.6899484689628712,0.5859283761395909,0.2908777439794995,0.7816050100754933,0.2063977160387579,0.19158738888658677,0.3242099886599534,0.0801710176945946,0.14228737224965995,20.437409442709477,40.75966019745795,0.2926701,0.3044430022237544,0.5897077601107369,0.5473925396759622,0.1458266478648751
varied_split,scene_5003,BVPhantom_Rf_102622_020539 PA_GT.webp,---,data/VARIED SPLIT V3 CURRENT/scene_5003/BVPhantom_Rf_102622_020539 PA4.webp,27.758660097395918,0.238431582613951,0.7872125795720535,0.6876159757919208,0.36051405192080477,0.8302779960911556,0.16135583641973275,0.1493145934484384,0.44174205946015266,0.09196033761580906,0.24502858046208317,17.94384422467494,43.34118844726038,0.21835572,0.346983251217449,0.46101667548495073,0.4266131241383954,0.23191690047709385
varied_split,scene_5003,BVPhantom_Rf_102622_020539 PA_GT.webp,---,data/VARIED SPLIT V3 CURRENT/scene_5003/BVPhantom_Rf_102622_020539 PA5.webp,32.073172629000325,0.47215679660892607,0.8867623018486888,0.8021347147605316,0.45092352634276184,0.8742976849097703,0.10770398131922297,0.09945240370701464,0.6008809677293601,0.10265878197615444,0.47469466727490983,15.906166122695906,42.40924878217049,0.1619606,0.4009146578625041,0.30772566091206566,0.2841497248771847,0.20083805359905757
varied_split,scene_5003,BVPhantom_Rf_102622_020539 PA_GT.webp,---,data/VARIED SPLIT V3 CURRENT/scene_5003/BVPhantom_Rf_102622_020539 PA6.webp,37.98097325555895,0.8286064210882778,0.973555622912388,0.9039503618226076,0.5660593831181896,0.9138746204234452,0.05021073936764495,0.04718821925809702,0.7903923122994803,14807663149137.035,0.8337166531814335,14.720420526229892,42.76590322574077,0.16434063,0.47476216569448687,0.14345925533612844,0.13482348359456292,0.21273196610789236
varied_split,scene_5003,BVPhantom_Rf_102622_020539 PA_GT.webp,---,data/VARIED SPLIT V3 CURRENT/scene_5003/BVPhantom_Rf_102622_020539 PA7.webp,42.62593847695186,0.9563245365213245,0.9943535651335302,0.9776904867021677,0.6678759166872534,0.9065279892189021,0.020996147974333575,0.020629240540309606,0.8937837941090317,-41279896828188.36,0.9587146268595146,14.46336022255325,66.37315964712036,0.15195677,0.5328242309618982,0.05998899421238165,0.05894068725802745,0.9999999996665143
varied_split,scene_5004,BMPIPhantom_Rf_101922_174436 PA_GT.webp,---,data/VARIED SPLIT V3 CURRENT/scene_5004/BMPIPhantom_Rf_101922_174436 PA2.webp,19.10061815510367,0.26977834958953956,0.6857209393797431,0.6652821684525893,0.237836404964537,0.7767170701461316,0.26009459089873116,0.24852275653684072,0.3606025283773982,0.31079858749703876,0.27095837638318493,40.2612647903926,39.946946887465515,0.23432605,0.23875772693879588,0.7431274025678034,0.7100650186766878,0.7651698265566776
varied_split,scene_5004,BMPIPhantom_Rf_101922_174436 PA_GT.webp,---,data/VARIED SPLIT V3 CURRENT/scene_5004/BMPIPhantom_Rf_101922_174436 PA3.webp,22.175338846705706,0.32766935526823365,0.7759485883745366,0.7546424539172824,0.3019984262645836,0.839225363221413,0.21804265749010596,0.20469337753229597,0.46120019126776757,0.3499397983642493,0.32960169852609394,38.344238356603455,39.72623975310455,0.23799579,0.2771917355838213,0.6229790214003028,0.5848382215208456,0.7307115897924604
varied_split,scene_5004,BMPIPhantom_Rf_101922_174436 PA_GT.webp,---,data/VARIED SPLIT V3 CURRENT/scene_5004/BMPIPhantom_Rf_101922_174436 PA4.webp,27.05138168685396,0.46637101056036806,0.8835816379832674,0.8626039163770941,0.4048064863912905,0.9121763710659493,0.14799502375791185,0.1386786257318973,0.6221686435703542,0.41344226105665827,0.47135528862173826,36.20630365629905,37.97307972272722,0.3619079,0.3381422710856745,0.4228429250226053,0.396224644948278,0.45699681574486223
varied_split,scene_5004,BMPIPhantom_Rf_101922_174436 PA_GT.webp,---,data/VARIED SPLIT V3 CURRENT/scene_5004/BMPIPhantom_Rf_101922_174436 PA5.webp,32.08996025321981,0.7004292030553726,0.9542600934484905,0.9407860833366255,0.529779027366451,0.9631098413260203,0.07975218635433894,0.07655914386733939,0.7789592917764356,0.5001235044722109,0.7096571795751545,35.329784157233306,36.33431035846536,0.39474905,0.4011245031652476,0.22786338958382554,0.21874041104954112,0.20114145828584026
varied_split,scene_5004,BMPIPhantom_Rf_101922_174436 PA_GT.webp,---,data/VARIED SPLIT V3 CURRENT/scene_5004/BMPIPhantom_Rf_101922_174436 PA6.webp,34.651362099643926,0.8798929813378922,0.9763694390018933,0.966606663479028,0.5956367971978181,0.9771955522620336,0.05499039938784434,0.054482566051898905,0.8421778957340081,-1866044653736.0706,0.8856816608426732,35.52007300545646,35.04598689713396,0.35730624,0.4331420262455491,0.15711542682241242,0.1556644744339969,0.0
varied_split,scene_5004,BMPIPhantom_Rf_101922_174436 PA_GT.webp,---,data/VARIED SPLIT V3 CURRENT/scene_5004/BMPIPhantom_Rf_101922_174436 PA7.webp,38.83676980725286,0.958612198932696,0.9923889774179437,0.9885254515795768,0.7155932283910733,0.9899311726112896,0.023244265911414902,0.023869625111835026,0.9294693073529728,0.7121271031429683,0.9628331369495305,35.21488950581237,41.45104863974677,0.27554017,0.4854596225906607,0.06641218831832829,0.06819892889095722,0.9999999984387348
varied_split,scene_5005,KWave_Rf_090122_211601 PA_GT.webp,---,data/VARIED SPLIT V3 CURRENT/scene_5005/KWave_Rf_090122_211601 PA2.webp,19.17932402222852,0.17231372130933575,0.6402244698124161,0.5087325365783547,0.14439400139137096,0.6202832403456526,0.18365949233813564,0.18157968196283944,0.31171234517061297,0.08587811934687192,0.17918890701501908,14.689905046162913,37.78528163303565,0.1482636,0.2397415502778565,0.5247414066803876,0.5187990913223984,0.13699103000663146
varied_split,scene_5005,KWave_Rf_090122_211601 PA_GT.webp,---,data/VARIED SPLIT V3 CURRENT/scene_5005/KWave_Rf_090122_211601 PA3.webp,21.848660227978026,0.20979435549897776,0.7179072297460168,0.6048846977648679,0.1979565420751111,0.6590266141479199,0.15590339143032095,0.15188141583919687,0.3864213406294703,0.07899588937207966,0.21453504195611467,13.10243321858948,40.259202066327475,0.09357765,0.27310825284972534,0.44543826122948843,0.4339469023977054,0.3706294250811357
varied_split,scene_5005,KWave_Rf_090122_211601 PA_GT.webp,---,data/VARIED SPLIT V3 CURRENT/scene_5005/KWave_Rf_090122_211601 PA4.webp,26.231102707087963,0.2918100531658292,0.8129903998357385,0.7229666043835757,0.293498577890355,0.7268605691562939,0.11376245198436444,0.10824747802074262,0.5218608277958208,0.20999244622777993,0.2976058363440985,11.351885893587138,41.78457933966604,0.093734376,0.32788878383859954,0.32503557709818415,0.3092785086306932,0.5146868867642237
varied_split,scene_5005,KWave_Rf_090122_211601 PA_GT.webp,---,data/VARIED SPLIT V3 CURRENT/scene_5005/KWave_Rf_090122_211601 PA5.webp,31.3413155092667,0.4516677466248684,0.889624636352556,0.8191815542827839,0.3882984862454553,0.8010672067802841,0.08206616146052682,0.07674593058011074,0.6523489403200516,0.15461090324357252,0.45874542396619755,10.468488443340359,36.33472848999156,0.08414852,0.39176644386583376,0.23447474703007665,0.219274087371745,0.0
varied_split,scene_5005,KWave_Rf_090122_211601 PA_GT.webp,---,data/VARIED SPLIT V3 CURRENT/scene_5005/KWave_Rf_090122_211601 PA6.webp,35.84551435173584,0.7334876373712194,0.9426085815247481,0.8740930173676198,0.42634287994318903,0.8582053210378062,0.06705149946744209,0.06380172106060022,0.7102003283346474,0.06822310024768037,0.7308607029314039,10.641447262765201,37.41470141295406,0.09727352,0.44806892939669796,0.19157571276412025,0.18229063160171494,0.10199323189595688
varied_split,scene_5005,KWave_Rf_090122_211601 PA_GT.webp,---,data/VARIED SPLIT V3 CURRENT/scene_5005/KWave_Rf_090122_211601 PA7.webp,41.40707763703445,0.9346535300872552,0.9860378235601073,0.9518767157676414,0.5722008552414963,0.9247065843001745,0.025785939377945256,0.02540317170730214,0.8660630146834513,-1088336236387344.9,0.9242205192006838,9.364883238048606,46.923400913317096,0.1187383,0.5175884704629305,0.07367411250841502,0.07258049059229182,0.9999999990555944
varied_split,scene_5100,Wrist 1.webp,---,data/VARIED SPLIT V3 CURRENT/scene_5100/Wrist 2.webp,31.074478186807116,0.6921738688313437,0.8857121581925341,0.7392956993375626,0.18802538282808626,0.8004215602789896,0.1332925675221243,0.12862879221579546,0.4423445318731575,-34945368026.25747,0.6048643642229892,7.171705264536746,94.9935751477966,0.17213106,0.38843097733508897,0.3808359072060694,0.36751083490227276,0.9999999998383045
varied_split,scene_5100,Wrist 1.webp,---,data/VARIED SPLIT V3 CURRENT/scene_5100/Wrist 3.webp,29.915618662703704,0.772793972745874,0.9288211560914706,0.8776099105291862,0.8785748913042526,0.9668549291982631,0.058775475086563514,0.062471444348074875,0.7855992861856835,-11391924451854.818,0.7053734119611976,11.355444879534627,33.14895155304214,0.23813902,0.3739452332837963,0.1679299288187529,0.17848984099449966,0.0
varied_split,scene_5100,Wrist 1.webp,---,data/VARIED SPLIT V3 CURRENT/scene_5100/Wrist 4.webp,27.447016516795316,0.4361506138670276,0.7742159780518503,0.6512501262978998,0.18020572171415894,0.7371808236600621,0.1567910134102942,0.1516620730658912,0.41341435177606406,0.2716848389832397,0.3130356661797112,14.344306306478243,44.999345437234865,0.15525888,0.34308770645994147,0.447974324029412,0.43332020875968913,0.19161558747495872
varied_split,scene_5100,Wrist 1.webp,---,data/VARIED SPLIT V3 CURRENT/scene_5100/Wrist 5.webp,23.384162258965667,0.2002348830130452,0.6311824191908902,0.518832511254686,0.15217377210462593,0.6434880844873202,0.2144172901689393,0.2027571622970215,0.30331050880980237,0.18063644324878247,0.15814635549379533,19.00695839718957,34.8231326216752,0.13374966,0.29230202823707085,0.6126208290541123,0.5793061779914901,0.02707076170974309
varied_split,scene_5101,Radial 1.webp,---,data/VARIED SPLIT V3 CURRENT/scene_5101/Radial 2.webp,21.55174574337113,0.13665885196093736,0.49809076971443067,0.20898811067125778,0.03476163282355279,0.6238240625400506,0.2300910068877441,0.22273778656588913,0.16202260606930044,0.033338338417192595,0.08672413412985296,15.81268039287546,46.06067187245901,0.21697874,0.2693968217921391,0.6574028768221261,0.6363936759025405,0.9999999962084366
varied_split,scene_5101,Radial 1.webp,---,data/VARIED SPLIT V3 CURRENT/scene_5101/Radial 3.webp,19.276041047389263,0.04418074872834272,0.38958037336073087,0.14298193857278646,0.03174169252375672,0.6043458747959123,0.2473880715369028,0.24027689595021834,0.13398265276074448,0.02344365700066054,0.02288746134431225,20.18040130159902,45.6207986620326,0.15876435,0.2409505130923658,0.706823061534008,0.6865054170006238,0.8332192769673479
varied_split,scene_5101,Radial 1.webp,---,data/VARIED SPLIT V3 CURRENT/scene_5101/Radial 4.webp,19.4405888296289,0.04823215797030701,0.3929789786500416,0.1515073350444817,0.03264072986740061,0.6006927352766978,0.24747515152489027,0.24096506314389712,0.13523027381998956,0.02571554269277706,0.02642213838127029,19.956127196613775,44.48464607267363,0.23587123,0.24300736037036125,0.7070718614996866,0.6884716089825632,0.4024398125002467
varied_split,scene_5101,Radial 1.webp,---,data/VARIED SPLIT V3 CURRENT/scene_5101/Radial 5.webp,17.06160196163455,0.02002336871236582,0.3059207376144352,0.0931853361822554,0.03346177779952544,0.6024159150041493,0.2565014869181258,0.2523677014293077,0.11173381006991734,0.020850137809070874,0.009335741473202888,24.157108796811592,45.77853825407385,0.17499274,0.2132700245204319,0.7328613911946452,0.7210505755123078,0.8930272443312461
varied_split,scene_5101,Radial 1.webp,---,data/VARIED SPLIT V3 CURRENT/scene_5101/Radial 6.webp,13.761335710031133,0.0066878594430290475,0.22864850520498112,0.03898336677459778,0.041044161233303685,0.6001248502949906,0.26151784914548415,0.2611762985899668,0.08448724578743169,0.017461638024344,0.0017674342079889275,30.088531422842674,43.42323745701708,0.16211882,0.17201669637538916,0.7471938547013833,0.7462179959713339,0.0
varied_split,scene_5102,Finger 1.webp,---,data/VARIED SPLIT V3 CURRENT/scene_5102/Finger 2.webp,24.788059379674436,0.40181585881013043,0.6712565734432933,0.547549143777432,0.4173177093954667,0.7995295887546569,0.21406685694052993,0.2038038969550609,0.3689140548525861,0.1708567185980094,0.3974201855137258,17.976510796245627,38.30435341891064,0.21001235,0.30985074224593045,0.611619591258657,0.5822968484430312,0.28857289164354466
varied_split,scene_5102,Finger 1.webp,---,data/VARIED SPLIT V3 CURRENT/scene_5102/Finger 3.webp,20.64578407531156,0.1443027661589795,0.5970643807785083,0.49859332188772065,0.356012712717044,0.6834554778817896,0.22307948431886282,0.21556663329505896,0.29241838914569324,0.1129802558617538,0.15918357367568647,18.842940563336533,37.18145776286076,0.15429324,0.2580723009413945,0.637369955196751,0.6159046665573114,0.24776136388493333
varied_split,scene_5102,Finger 1.webp,---,data/VARIED SPLIT V3 CURRENT/scene_5102/Finger 4.webp,19.27576765143974,0.12077435229259917,0.5663721974091367,0.4704719115829721,0.25076337235369167,0.6385292663112618,0.23325810671972141,0.22619910990181724,0.25936885080213434,0.09718612767640639,0.13798382360122044,19.72726222890694,35.23296716034986,0.119374454,0.24094709564299674,0.6664517334849184,0.6462831711480493,0.17694367224695376
varied_split,scene_5102,Finger 1.webp,---,data/VARIED SPLIT V3 CURRENT/scene_5102/Finger 5.webp,16.840120940317252,0.09697591548911354,0.502982541583207,0.40571864708179345,0.19154261154525534,0.5699187649315048,0.2563350271372996,0.2496454723010944,0.20583166880296122,0.0916523688654766,0.11661699242767755,22.53134891584844,30.364507393128974,0.15512909,0.21050151175396564,0.7323857918208561,0.7132727780031269,0.0
varied_split,scene_5102,Finger 1.webp,---,data/VARIED SPLIT V3 CURRENT/scene_5102/Finger 6.webp,24.71278417117616,0.25705365781318773,0.6663251078418253,0.5011625594048471,0.1385072844322864,0.7571376484287566,0.20344102521160726,0.19510138170084315,0.29062651536179057,0.14031689387096935,0.24740471397729052,8.369752023967875,57.87868579594135,0.10428626,0.308909802139702,0.5812600720331637,0.5574325191452661,0.999999999636551
varied_split,scene_6000,Liver_1 51-80.webp,---,data/VARIED SPLIT V3 CURRENT/scene_6000/Liver_1 54-80.webp,23.37208357341281,0.5652063855462791,0.9040828216322426,0.8320757122645029,0.9317811525374071,0.8269235299618006,0.018107321610146027,0.02756412429409416,0.833419512687687,-53300801855.53382,0.5555168056145107,14.38310448869767,80.09492345243655,0.2869394,0.2921510446676601,0.05173520460041722,0.07875464084026904,0.999999999372604
varied_split,scene_6000,Liver_1 51-80.webp,---,data/VARIED SPLIT V3 CURRENT/scene_6000/Liver_1 56-80.webp,16.25637609477883,0.3325487069212005,0.8218508639539416,0.7499243358803791,0.8612681867567931,0.8307422659179112,0.03576585033724207,0.05187293144872788,0.6985309893242487,0.13233902592515354,0.33181814586315056,15.664720485759162,72.8680632755046,0.28912857,0.20320470118473538,0.10218814382069163,0.14820837556779395,0.5465896751653065
varied_split,scene_6000,Liver_1 51-80.webp,---,data/VARIED SPLIT V3 CURRENT/scene_6000/Liver_1 59-80.webp,10.747871923512095,0.12735277391960617,0.7088158113110498,0.6594289907587777,0.6575697348412276,0.8312979752168451,0.047593409414252955,0.06494712533985827,0.6018390848215731,0.0745159863872388,0.1282106751295101,15.494202013656096,64.15602707853361,0.32695416,0.1343483990439012,0.13598116975500846,0.18556321525673794,0.0
varied_split,scene_6001,Bladder 50-80.webp,---,data/VARIED SPLIT V3 CURRENT/scene_6001/Bladder 53-80.webp,25.564552235851146,0.7956779564146643,0.9145994672638507,0.627303858623904,0.5573552593905037,0.8339284839396038,0.08444430269808155,0.10456659679871427,0.32704346811772944,580146554292.1455,0.8404983572114431,16.324321596510924,107.71896728132617,0.2780366,0.3195569029481393,0.241269436280233,0.29876170513918365,0.9999999997458309
varied_split,scene_6001,Bladder 50-80.webp,---,data/VARIED SPLIT V3 CURRENT/scene_6001/Bladder 56-80.webp,18.45549537893476,0.5305551304933668,0.7831117619274646,0.4900881905294614,0.4677125966422668,0.8290480820204512,0.13244841492633969,0.1630651393185105,0.23516470374508336,487441654.621421,0.5840106248556834,21.475878298966816,87.21422916232098,0.25515386,0.2306936922366845,0.37842404264668483,0.46590039805288713,0.4788329561615029
varied_split,scene_6001,Bladder 50-80.webp,---,data/VARIED SPLIT V3 CURRENT/scene_6001/Bladder 59-80.webp,13.658020830540142,0.12901784613667774,0.5207569438978863,0.29512075570093965,0.4479814157323221,0.8600392798226701,0.18369934209587174,0.2102822088506198,0.18019750192618827,0.014439410194507733,0.1848780641740981,31.567931060398365,68.37507866401813,0.21194199,0.1707252603817518,0.5248552631310621,0.6008063110017708,0.0
varied_split,scene_6002,Brain 51-80.webp,---,data/VARIED SPLIT V3 CURRENT/scene_6002/Brain 54-80.webp,26.71853040437334,0.7132723306553157,0.917313832570408,0.7516608993860205,1.0339737353497103,0.8455262129687653,0.04215167649416397,0.0626187311136691,0.5676777040826604,6482877355524.783,0.7825819098510435,16.095028258456797,96.72305448952432,0.32437083,0.33398163005466674,0.12043336141189707,0.17891066032476888,0.999999999642128
varied_split,scene_6002,Brain 51-80.webp,---,data/VARIED SPLIT V3 CURRENT/scene_6002/Brain 56-80.webp,18.790543018859914,0.38839819155903116,0.7627248115047736,0.5973640432633051,0.9419765430238459,0.8899509448524894,0.08793045577692593,0.12261323397749585,0.36530539143938967,-152033979.13410407,0.4752117411264479,23.03884488646126,78.97823230595543,0.26938587,0.23488178773574891,0.2512298736483598,0.35032352564998814,0.3649626332862689
varied_split,scene_6002,Brain 51-80.webp,---,data/VARIED SPLIT V3 CURRENT/scene_6002/Brain-59-80.webp,11.889960806747812,0.18600864304755466,0.6310338035802895,0.4359565532674106,0.7070044659751011,0.898157220313626,0.11031132810763242,0.14570784597029496,0.30597527125977964,280413182.87209797,0.2247592800717301,26.95022138889436,68.78009692933131,0.255496,0.14862451008434766,0.31517522316466406,0.4163081313436999,0.0
varied_split,scene_6003,Hindlimb 49-80.webp,---,data/VARIED SPLIT V3 CURRENT/scene_6003/Hindlimb 53-80.webp,20.645887418057324,0.5337337973604847,0.8530000580725352,0.7251802652830216,1.1157927965575325,0.8511108098743745,0.04030640666780348,0.06523968922940497,0.598117280965187,-23375807084.353863,0.5410536050282918,15.379530227520714,82.06177113349952,0.25327057,0.25807359272571656,0.11516116190800996,0.18639911208401422,0.9999999995338714
varied_split,scene_6003,Hindlimb 49-80.webp,---,data/VARIED SPLIT V3 CURRENT/scene_6003/Hindlimb 56-80.webp,14.201450087050958,0.1982544713664825,0.6835314800748689,0.5545252754440757,0.9917440113476225,0.8764521281046599,0.060342458021778754,0.0917345763178584,0.4927847641252678,433343256.80320346,0.19825957535448863,18.919488659426797,67.7666885966488,0.18703362,0.17751812608813697,0.17240702291936788,0.2620987894795955,0.3336653931744605
varied_split,scene_6003,Hindlimb 49-80.webp,---,data/VARIED SPLIT V3 CURRENT/scene_6003/Hindlimb 59-80.webp,11.173526996967105,0.06347809858668155,0.5759820755865207,0.5015008856942615,0.8238351869601395,0.8740238697744068,0.06500154705309026,0.09489517446592445,0.47334711468756635,0.027886813063894563,0.06032061526944511,19.572165973442097,60.60846164941006,0.17939772,0.1396690874620888,0.1857187058659722,0.2711290699026413,0.0
varied_split,scene_6004,Kidneys cross section -50-80.webp,---,data/VARIED SPLIT V3 CURRENT/scene_6004/Kidneys 900nm 53-80.webp,22.2601189067645,0.509015250254334,0.8672089842402083,0.7607455284445457,1.1424538360421348,0.8357943505295838,0.027590665303897647,0.0455596254570853,0.6973988331649622,-89542997229.87083,0.5080196498665069,13.883332191007844,83.73934833687338,0.26739344,0.27825148633455626,0.07883047229685043,0.13017035844881514,0.9999999993209961
varied_split,scene_6004,Kidneys cross section -50-80.webp,---,data/VARIED SPLIT V3 CURRENT/scene_6004/Kidneys 900nm 56-80.webp,18.99486982446828,0.3602899318506678,0.8091987984390268,0.719096889853285,1.1178917240129467,0.8499569632677425,0.03534195262312398,0.05684156130514986,0.6408708916390607,-18408923945.838818,0.3650486068835098,15.220934510285415,77.65147961734704,0.24195613,0.23743587280585352,0.10097700749463995,0.16240446087185675,0.5866314145034748
varied_split,scene_6004,Kidneys cross section -50-80.webp,---,data/VARIED SPLIT V3 CURRENT/scene_6004/Kidneys 900nm 59-80.webp,11.034858814379163,0.1072553393462631,0.6622301628829875,0.5455290547324011,0.8177596058049452,0.8436459206357916,0.054732859134590695,0.0749725322736298,0.5193633444107899,0.02474879975379735,0.10233843962560334,16.214214315438607,69.01188974666604,0.26651198,0.13793573517973953,0.156379597527402,0.2142072350675137,0.0
